origin,destination
0,2500
0,50
0,1
1,51
1,0
1,2
2,52
2,1
2,3
3,53
3,2
3,4
4,54
4,3
4,5
5,55
5,4
5,6
6,56
6,5
6,7
7,57
7,6
7,8
8,58
8,7
8,9
9,59
9,8
9,10
10,60
10,9
10,11
11,61
11,10
11,12
12,62
12,11
12,13
13,63
13,12
13,14
14,64
14,13
14,15
15,65
15,14
15,16
16,66
16,15
16,17
17,67
17,16
17,18
18,68
18,17
18,19
19,69
19,18
19,20
20,70
20,19
20,21
21,71
21,20
21,22
22,72
22,21
22,23
23,73
23,22
23,24
24,74
24,23
24,25
25,75
25,24
25,26
26,76
26,25
26,27
27,77
27,26
27,28
28,78
28,27
28,29
29,79
29,28
29,30
30,80
30,29
30,31
31,81
31,30
31,32
32,82
32,31
32,33
33,83
33,32
33,34
34,84
34,33
34,35
35,85
35,34
35,36
36,86
36,35
36,37
37,87
37,36
37,38
38,88
38,37
38,39
39,89
39,38
39,40
40,90
40,39
40,41
41,91
41,40
41,42
42,92
42,41
42,43
43,93
43,42
43,44
44,94
44,43
44,45
45,95
45,44
45,46
46,96
46,45
46,47
47,97
47,46
47,48
48,98
48,47
48,49
49,99
49,48
50,0
50,100
50,51
51,1
51,101
51,50
51,52
52,2
52,102
52,51
52,53
53,3
53,103
53,52
53,54
54,4
54,104
54,53
54,55
55,5
55,105
55,54
55,56
56,6
56,106
56,55
56,57
57,7
57,107
57,56
57,58
58,8
58,108
58,57
58,59
59,9
59,109
59,58
59,60
60,10
60,110
60,59
60,61
61,11
61,111
61,60
61,62
62,12
62,112
62,61
62,63
63,13
63,113
63,62
63,64
64,14
64,114
64,63
64,65
65,15
65,115
65,64
65,66
66,16
66,116
66,65
66,67
67,17
67,117
67,66
67,68
68,18
68,118
68,67
68,69
69,19
69,119
69,68
69,70
70,20
70,120
70,69
70,71
71,21
71,121
71,70
71,72
72,22
72,122
72,71
72,73
73,23
73,123
73,72
73,74
74,24
74,124
74,73
74,75
75,25
75,125
75,74
75,76
76,26
76,126
76,75
76,77
77,27
77,127
77,76
77,78
78,28
78,128
78,77
78,79
79,29
79,129
79,78
79,80
80,30
80,130
80,79
80,81
81,31
81,131
81,80
81,82
82,32
82,132
82,81
82,83
83,33
83,133
83,82
83,84
84,34
84,134
84,83
84,85
85,35
85,135
85,84
85,86
86,36
86,136
86,85
86,87
87,37
87,137
87,86
87,88
88,38
88,138
88,87
88,89
89,39
89,139
89,88
89,90
90,40
90,140
90,89
90,91
91,41
91,141
91,90
91,92
92,42
92,142
92,91
92,93
93,43
93,143
93,92
93,94
94,44
94,144
94,93
94,95
95,45
95,145
95,94
95,96
96,46
96,146
96,95
96,97
97,47
97,147
97,96
97,98
98,48
98,148
98,97
98,99
99,49
99,149
99,98
100,50
100,150
100,101
101,51
101,151
101,100
101,102
102,52
102,152
102,101
102,103
103,53
103,153
103,102
103,104
104,54
104,154
104,103
104,105
105,55
105,155
105,104
105,106
106,56
106,156
106,105
106,107
107,57
107,157
107,106
107,108
108,58
108,158
108,107
108,109
109,59
109,159
109,108
109,110
110,60
110,160
110,109
110,111
111,61
111,161
111,110
111,112
112,62
112,162
112,111
112,113
113,63
113,163
113,112
113,114
114,64
114,164
114,113
114,115
115,65
115,165
115,114
115,116
116,66
116,166
116,115
116,117
117,67
117,167
117,116
117,118
118,68
118,168
118,117
118,119
119,69
119,169
119,118
119,120
120,70
120,170
120,119
120,121
121,71
121,171
121,120
121,122
122,72
122,172
122,121
122,123
123,73
123,173
123,122
123,124
124,74
124,174
124,123
124,125
125,75
125,175
125,124
125,126
126,76
126,176
126,125
126,127
127,77
127,177
127,126
127,128
128,78
128,178
128,127
128,129
129,79
129,179
129,128
129,130
130,80
130,180
130,129
130,131
131,81
131,181
131,130
131,132
132,82
132,182
132,131
132,133
133,83
133,183
133,132
133,134
134,84
134,184
134,133
134,135
135,85
135,185
135,134
135,136
136,86
136,186
136,135
136,137
137,87
137,187
137,136
137,138
138,88
138,188
138,137
138,139
139,89
139,189
139,138
139,140
140,90
140,190
140,139
140,141
141,91
141,191
141,140
141,142
142,92
142,192
142,141
142,143
143,93
143,193
143,142
143,144
144,94
144,194
144,143
144,145
145,95
145,195
145,144
145,146
146,96
146,196
146,145
146,147
147,97
147,197
147,146
147,148
148,98
148,198
148,147
148,149
149,99
149,199
149,148
150,100
150,200
150,151
151,101
151,201
151,150
151,152
152,102
152,202
152,151
152,153
153,103
153,203
153,152
153,154
154,104
154,204
154,153
154,155
155,105
155,205
155,154
155,156
156,106
156,206
156,155
156,157
157,107
157,207
157,156
157,158
158,108
158,208
158,157
158,159
159,109
159,209
159,158
159,160
160,110
160,210
160,159
160,161
161,111
161,211
161,160
161,162
162,112
162,212
162,161
162,163
163,113
163,213
163,162
163,164
164,114
164,214
164,163
164,165
165,115
165,215
165,164
165,166
166,116
166,216
166,165
166,167
167,117
167,217
167,166
167,168
168,118
168,218
168,167
168,169
169,119
169,219
169,168
169,170
170,120
170,220
170,169
170,171
171,121
171,221
171,170
171,172
172,122
172,222
172,171
172,173
173,123
173,223
173,172
173,174
174,124
174,224
174,173
174,175
175,125
175,225
175,174
175,176
176,126
176,226
176,175
176,177
177,127
177,227
177,176
177,178
178,128
178,228
178,177
178,179
179,129
179,229
179,178
179,180
180,130
180,230
180,179
180,181
181,131
181,231
181,180
181,182
182,132
182,232
182,181
182,183
183,133
183,233
183,182
183,184
184,134
184,234
184,183
184,185
185,135
185,235
185,184
185,186
186,136
186,236
186,185
186,187
187,137
187,237
187,186
187,188
188,138
188,238
188,187
188,189
189,139
189,239
189,188
189,190
190,140
190,240
190,189
190,191
191,141
191,241
191,190
191,192
192,142
192,242
192,191
192,193
193,143
193,243
193,192
193,194
194,144
194,244
194,193
194,195
195,145
195,245
195,194
195,196
196,146
196,246
196,195
196,197
197,147
197,247
197,196
197,198
198,148
198,248
198,197
198,199
199,149
199,249
199,198
200,150
200,250
200,201
201,151
201,251
201,200
201,202
202,152
202,252
202,201
202,203
203,153
203,253
203,202
203,204
204,154
204,254
204,203
204,205
205,155
205,255
205,204
205,206
206,156
206,256
206,205
206,207
207,157
207,257
207,206
207,208
208,158
208,258
208,207
208,209
209,159
209,259
209,208
209,210
210,160
210,260
210,209
210,211
211,161
211,261
211,210
211,212
212,162
212,262
212,211
212,213
213,163
213,263
213,212
213,214
214,164
214,264
214,213
214,215
215,165
215,265
215,214
215,216
216,166
216,266
216,215
216,217
217,167
217,267
217,216
217,218
218,168
218,268
218,217
218,219
219,169
219,269
219,218
219,220
220,170
220,270
220,219
220,221
221,171
221,271
221,220
221,222
222,172
222,272
222,221
222,223
223,173
223,273
223,222
223,224
224,174
224,274
224,223
224,225
225,175
225,275
225,224
225,226
226,176
226,276
226,225
226,227
227,177
227,277
227,226
227,228
228,178
228,278
228,227
228,229
229,179
229,279
229,228
229,230
230,180
230,280
230,229
230,231
231,181
231,281
231,230
231,232
232,182
232,282
232,231
232,233
233,183
233,283
233,232
233,234
234,184
234,284
234,233
234,235
235,185
235,285
235,234
235,236
236,186
236,286
236,235
236,237
237,187
237,287
237,236
237,238
238,188
238,288
238,237
238,239
239,189
239,289
239,238
239,240
240,190
240,290
240,239
240,241
241,191
241,291
241,240
241,242
242,192
242,292
242,241
242,243
243,193
243,293
243,242
243,244
244,194
244,294
244,243
244,245
245,195
245,295
245,244
245,246
246,196
246,296
246,245
246,247
247,197
247,297
247,246
247,248
248,198
248,298
248,247
248,249
249,199
249,299
249,248
250,200
250,300
250,251
251,201
251,301
251,250
251,252
252,202
252,302
252,251
252,253
253,203
253,303
253,252
253,254
254,204
254,304
254,253
254,255
255,205
255,305
255,254
255,256
256,206
256,306
256,255
256,257
257,207
257,307
257,256
257,258
258,208
258,308
258,257
258,259
259,209
259,309
259,258
259,260
260,210
260,310
260,259
260,261
261,211
261,311
261,260
261,262
262,212
262,312
262,261
262,263
263,213
263,313
263,262
263,264
264,214
264,314
264,263
264,265
265,215
265,315
265,264
265,266
266,216
266,316
266,265
266,267
267,217
267,317
267,266
267,268
268,218
268,318
268,267
268,269
269,219
269,319
269,268
269,270
270,220
270,320
270,269
270,271
271,221
271,321
271,270
271,272
272,222
272,322
272,271
272,273
273,223
273,323
273,272
273,274
274,224
274,324
274,273
274,275
275,225
275,325
275,274
275,276
276,226
276,326
276,275
276,277
277,227
277,327
277,276
277,278
278,228
278,328
278,277
278,279
279,229
279,329
279,278
279,280
280,230
280,330
280,279
280,281
281,231
281,331
281,280
281,282
282,232
282,332
282,281
282,283
283,233
283,333
283,282
283,284
284,234
284,334
284,283
284,285
285,235
285,335
285,284
285,286
286,236
286,336
286,285
286,287
287,237
287,337
287,286
287,288
288,238
288,338
288,287
288,289
289,239
289,339
289,288
289,290
290,240
290,340
290,289
290,291
291,241
291,341
291,290
291,292
292,242
292,342
292,291
292,293
293,243
293,343
293,292
293,294
294,244
294,344
294,293
294,295
295,245
295,345
295,294
295,296
296,246
296,346
296,295
296,297
297,247
297,347
297,296
297,298
298,248
298,348
298,297
298,299
299,249
299,349
299,298
300,250
300,350
300,301
301,251
301,351
301,300
301,302
302,252
302,352
302,301
302,303
303,253
303,353
303,302
303,304
304,254
304,354
304,303
304,305
305,255
305,355
305,304
305,306
306,256
306,356
306,305
306,307
307,257
307,357
307,306
307,308
308,258
308,358
308,307
308,309
309,259
309,359
309,308
309,310
310,260
310,360
310,309
310,311
311,261
311,361
311,310
311,312
312,262
312,362
312,311
312,313
313,263
313,363
313,312
313,314
314,264
314,364
314,313
314,315
315,265
315,365
315,314
315,316
316,266
316,366
316,315
316,317
317,267
317,367
317,316
317,318
318,268
318,368
318,317
318,319
319,269
319,369
319,318
319,320
320,270
320,370
320,319
320,321
321,271
321,371
321,320
321,322
322,272
322,372
322,321
322,323
323,273
323,373
323,322
323,324
324,274
324,374
324,323
324,325
325,275
325,375
325,324
325,326
326,276
326,376
326,325
326,327
327,277
327,377
327,326
327,328
328,278
328,378
328,327
328,329
329,279
329,379
329,328
329,330
330,280
330,380
330,329
330,331
331,281
331,381
331,330
331,332
332,282
332,382
332,331
332,333
333,283
333,383
333,332
333,334
334,284
334,384
334,333
334,335
335,285
335,385
335,334
335,336
336,286
336,386
336,335
336,337
337,287
337,387
337,336
337,338
338,288
338,388
338,337
338,339
339,289
339,389
339,338
339,340
340,290
340,390
340,339
340,341
341,291
341,391
341,340
341,342
342,292
342,392
342,341
342,343
343,293
343,393
343,342
343,344
344,294
344,394
344,343
344,345
345,295
345,395
345,344
345,346
346,296
346,396
346,345
346,347
347,297
347,397
347,346
347,348
348,298
348,398
348,347
348,349
349,299
349,399
349,348
350,300
350,400
350,351
351,301
351,401
351,350
351,352
352,302
352,402
352,351
352,353
353,303
353,403
353,352
353,354
354,304
354,404
354,353
354,355
355,305
355,405
355,354
355,356
356,306
356,406
356,355
356,357
357,307
357,407
357,356
357,358
358,308
358,408
358,357
358,359
359,309
359,409
359,358
359,360
360,310
360,410
360,359
360,361
361,311
361,411
361,360
361,362
362,312
362,412
362,361
362,363
363,313
363,413
363,362
363,364
364,314
364,414
364,363
364,365
365,315
365,415
365,364
365,366
366,316
366,416
366,365
366,367
367,317
367,417
367,366
367,368
368,318
368,418
368,367
368,369
369,319
369,419
369,368
369,370
370,320
370,420
370,369
370,371
371,321
371,421
371,370
371,372
372,322
372,422
372,371
372,373
373,323
373,423
373,372
373,374
374,324
374,424
374,373
374,375
375,325
375,425
375,374
375,376
376,326
376,426
376,375
376,377
377,327
377,427
377,376
377,378
378,328
378,428
378,377
378,379
379,329
379,429
379,378
379,380
380,330
380,430
380,379
380,381
381,331
381,431
381,380
381,382
382,332
382,432
382,381
382,383
383,333
383,433
383,382
383,384
384,334
384,434
384,383
384,385
385,335
385,435
385,384
385,386
386,336
386,436
386,385
386,387
387,337
387,437
387,386
387,388
388,338
388,438
388,387
388,389
389,339
389,439
389,388
389,390
390,340
390,440
390,389
390,391
391,341
391,441
391,390
391,392
392,342
392,442
392,391
392,393
393,343
393,443
393,392
393,394
394,344
394,444
394,393
394,395
395,345
395,445
395,394
395,396
396,346
396,446
396,395
396,397
397,347
397,447
397,396
397,398
398,348
398,448
398,397
398,399
399,349
399,449
399,398
400,350
400,450
400,401
401,351
401,451
401,400
401,402
402,352
402,452
402,401
402,403
403,353
403,453
403,402
403,404
404,354
404,454
404,403
404,405
405,355
405,455
405,404
405,406
406,356
406,456
406,405
406,407
407,357
407,457
407,406
407,408
408,358
408,458
408,407
408,409
409,359
409,459
409,408
409,410
410,360
410,460
410,409
410,411
411,361
411,461
411,410
411,412
412,362
412,462
412,411
412,413
413,363
413,463
413,412
413,414
414,364
414,464
414,413
414,415
415,365
415,465
415,414
415,416
416,366
416,466
416,415
416,417
417,367
417,467
417,416
417,418
418,368
418,468
418,417
418,419
419,369
419,469
419,418
419,420
420,370
420,470
420,419
420,421
421,371
421,471
421,420
421,422
422,372
422,472
422,421
422,423
423,373
423,473
423,422
423,424
424,374
424,474
424,423
424,425
425,375
425,475
425,424
425,426
426,376
426,476
426,425
426,427
427,377
427,477
427,426
427,428
428,378
428,478
428,427
428,429
429,379
429,479
429,428
429,430
430,380
430,480
430,429
430,431
431,381
431,481
431,430
431,432
432,382
432,482
432,431
432,433
433,383
433,483
433,432
433,434
434,384
434,484
434,433
434,435
435,385
435,485
435,434
435,436
436,386
436,486
436,435
436,437
437,387
437,487
437,436
437,438
438,388
438,488
438,437
438,439
439,389
439,489
439,438
439,440
440,390
440,490
440,439
440,441
441,391
441,491
441,440
441,442
442,392
442,492
442,441
442,443
443,393
443,493
443,442
443,444
444,394
444,494
444,443
444,445
445,395
445,495
445,444
445,446
446,396
446,496
446,445
446,447
447,397
447,497
447,446
447,448
448,398
448,498
448,447
448,449
449,399
449,499
449,448
450,400
450,500
450,451
451,401
451,501
451,450
451,452
452,402
452,502
452,451
452,453
453,403
453,503
453,452
453,454
454,404
454,504
454,453
454,455
455,405
455,505
455,454
455,456
456,406
456,506
456,455
456,457
457,407
457,507
457,456
457,458
458,408
458,508
458,457
458,459
459,409
459,509
459,458
459,460
460,410
460,510
460,459
460,461
461,411
461,511
461,460
461,462
462,412
462,512
462,461
462,463
463,413
463,513
463,462
463,464
464,414
464,514
464,463
464,465
465,415
465,515
465,464
465,466
466,416
466,516
466,465
466,467
467,417
467,517
467,466
467,468
468,418
468,518
468,467
468,469
469,419
469,519
469,468
469,470
470,420
470,520
470,469
470,471
471,421
471,521
471,470
471,472
472,422
472,522
472,471
472,473
473,423
473,523
473,472
473,474
474,424
474,524
474,473
474,475
475,425
475,525
475,474
475,476
476,426
476,526
476,475
476,477
477,427
477,527
477,476
477,478
478,428
478,528
478,477
478,479
479,429
479,529
479,478
479,480
480,430
480,530
480,479
480,481
481,431
481,531
481,480
481,482
482,432
482,532
482,481
482,483
483,433
483,533
483,482
483,484
484,434
484,534
484,483
484,485
485,435
485,535
485,484
485,486
486,436
486,536
486,485
486,487
487,437
487,537
487,486
487,488
488,438
488,538
488,487
488,489
489,439
489,539
489,488
489,490
490,440
490,540
490,489
490,491
491,441
491,541
491,490
491,492
492,442
492,542
492,491
492,493
493,443
493,543
493,492
493,494
494,444
494,544
494,493
494,495
495,445
495,545
495,494
495,496
496,446
496,546
496,495
496,497
497,447
497,547
497,496
497,498
498,448
498,548
498,497
498,499
499,449
499,549
499,498
500,450
500,550
500,501
501,451
501,551
501,500
501,502
502,452
502,552
502,501
502,503
503,453
503,553
503,502
503,504
504,454
504,554
504,503
504,505
505,455
505,555
505,504
505,506
506,456
506,556
506,505
506,507
507,457
507,557
507,506
507,508
508,458
508,558
508,507
508,509
509,459
509,559
509,508
509,510
510,460
510,560
510,509
510,511
511,461
511,561
511,510
511,512
512,462
512,562
512,511
512,513
513,463
513,563
513,512
513,514
514,464
514,564
514,513
514,515
515,465
515,565
515,514
515,516
516,466
516,566
516,515
516,517
517,467
517,567
517,516
517,518
518,468
518,568
518,517
518,519
519,469
519,569
519,518
519,520
520,470
520,570
520,519
520,521
521,471
521,571
521,520
521,522
522,472
522,572
522,521
522,523
523,473
523,573
523,522
523,524
524,474
524,574
524,523
524,525
525,475
525,575
525,524
525,526
526,476
526,576
526,525
526,527
527,477
527,577
527,526
527,528
528,478
528,578
528,527
528,529
529,479
529,579
529,528
529,530
530,480
530,580
530,529
530,531
531,481
531,581
531,530
531,532
532,482
532,582
532,531
532,533
533,483
533,583
533,532
533,534
534,484
534,584
534,533
534,535
535,485
535,585
535,534
535,536
536,486
536,586
536,535
536,537
537,487
537,587
537,536
537,538
538,488
538,588
538,537
538,539
539,489
539,589
539,538
539,540
540,490
540,590
540,539
540,541
541,491
541,591
541,540
541,542
542,492
542,592
542,541
542,543
543,493
543,593
543,542
543,544
544,494
544,594
544,543
544,545
545,495
545,595
545,544
545,546
546,496
546,596
546,545
546,547
547,497
547,597
547,546
547,548
548,498
548,598
548,547
548,549
549,499
549,599
549,548
550,500
550,600
550,551
551,501
551,601
551,550
551,552
552,502
552,602
552,551
552,553
553,503
553,603
553,552
553,554
554,504
554,604
554,553
554,555
555,505
555,605
555,554
555,556
556,506
556,606
556,555
556,557
557,507
557,607
557,556
557,558
558,508
558,608
558,557
558,559
559,509
559,609
559,558
559,560
560,510
560,610
560,559
560,561
561,511
561,611
561,560
561,562
562,512
562,612
562,561
562,563
563,513
563,613
563,562
563,564
564,514
564,614
564,563
564,565
565,515
565,615
565,564
565,566
566,516
566,616
566,565
566,567
567,517
567,617
567,566
567,568
568,518
568,618
568,567
568,569
569,519
569,619
569,568
569,570
570,520
570,620
570,569
570,571
571,521
571,621
571,570
571,572
572,522
572,622
572,571
572,573
573,523
573,623
573,572
573,574
574,524
574,624
574,573
574,575
575,525
575,625
575,574
575,576
576,526
576,626
576,575
576,577
577,527
577,627
577,576
577,578
578,528
578,628
578,577
578,579
579,529
579,629
579,578
579,580
580,530
580,630
580,579
580,581
581,531
581,631
581,580
581,582
582,532
582,632
582,581
582,583
583,533
583,633
583,582
583,584
584,534
584,634
584,583
584,585
585,535
585,635
585,584
585,586
586,536
586,636
586,585
586,587
587,537
587,637
587,586
587,588
588,538
588,638
588,587
588,589
589,539
589,639
589,588
589,590
590,540
590,640
590,589
590,591
591,541
591,641
591,590
591,592
592,542
592,642
592,591
592,593
593,543
593,643
593,592
593,594
594,544
594,644
594,593
594,595
595,545
595,645
595,594
595,596
596,546
596,646
596,595
596,597
597,547
597,647
597,596
597,598
598,548
598,648
598,597
598,599
599,549
599,649
599,598
600,550
600,650
600,601
601,551
601,651
601,600
601,602
602,552
602,652
602,601
602,603
603,553
603,653
603,602
603,604
604,554
604,654
604,603
604,605
605,555
605,655
605,604
605,606
606,556
606,656
606,605
606,607
607,557
607,657
607,606
607,608
608,558
608,658
608,607
608,609
609,559
609,659
609,608
609,610
610,560
610,660
610,609
610,611
611,561
611,661
611,610
611,612
612,562
612,662
612,611
612,613
613,563
613,663
613,612
613,614
614,564
614,664
614,613
614,615
615,565
615,665
615,614
615,616
616,566
616,666
616,615
616,617
617,567
617,667
617,616
617,618
618,568
618,668
618,617
618,619
619,569
619,669
619,618
619,620
620,570
620,670
620,619
620,621
621,571
621,671
621,620
621,622
622,572
622,672
622,621
622,623
623,573
623,673
623,622
623,624
624,574
624,674
624,623
624,625
625,575
625,675
625,624
625,626
626,576
626,676
626,625
626,627
627,577
627,677
627,626
627,628
628,578
628,678
628,627
628,629
629,579
629,679
629,628
629,630
630,580
630,680
630,629
630,631
631,581
631,681
631,630
631,632
632,582
632,682
632,631
632,633
633,583
633,683
633,632
633,634
634,584
634,684
634,633
634,635
635,585
635,685
635,634
635,636
636,586
636,686
636,635
636,637
637,587
637,687
637,636
637,638
638,588
638,688
638,637
638,639
639,589
639,689
639,638
639,640
640,590
640,690
640,639
640,641
641,591
641,691
641,640
641,642
642,592
642,692
642,641
642,643
643,593
643,693
643,642
643,644
644,594
644,694
644,643
644,645
645,595
645,695
645,644
645,646
646,596
646,696
646,645
646,647
647,597
647,697
647,646
647,648
648,598
648,698
648,647
648,649
649,599
649,699
649,648
650,600
650,700
650,651
651,601
651,701
651,650
651,652
652,602
652,702
652,651
652,653
653,603
653,703
653,652
653,654
654,604
654,704
654,653
654,655
655,605
655,705
655,654
655,656
656,606
656,706
656,655
656,657
657,607
657,707
657,656
657,658
658,608
658,708
658,657
658,659
659,609
659,709
659,658
659,660
660,610
660,710
660,659
660,661
661,611
661,711
661,660
661,662
662,612
662,712
662,661
662,663
663,613
663,713
663,662
663,664
664,614
664,714
664,663
664,665
665,615
665,715
665,664
665,666
666,616
666,716
666,665
666,667
667,617
667,717
667,666
667,668
668,618
668,718
668,667
668,669
669,619
669,719
669,668
669,670
670,620
670,720
670,669
670,671
671,621
671,721
671,670
671,672
672,622
672,722
672,671
672,673
673,623
673,723
673,672
673,674
674,624
674,724
674,673
674,675
675,625
675,725
675,674
675,676
676,626
676,726
676,675
676,677
677,627
677,727
677,676
677,678
678,628
678,728
678,677
678,679
679,629
679,729
679,678
679,680
680,630
680,730
680,679
680,681
681,631
681,731
681,680
681,682
682,632
682,732
682,681
682,683
683,633
683,733
683,682
683,684
684,634
684,734
684,683
684,685
685,635
685,735
685,684
685,686
686,636
686,736
686,685
686,687
687,637
687,737
687,686
687,688
688,638
688,738
688,687
688,689
689,639
689,739
689,688
689,690
690,640
690,740
690,689
690,691
691,641
691,741
691,690
691,692
692,642
692,742
692,691
692,693
693,643
693,743
693,692
693,694
694,644
694,744
694,693
694,695
695,645
695,745
695,694
695,696
696,646
696,746
696,695
696,697
697,647
697,747
697,696
697,698
698,648
698,748
698,697
698,699
699,649
699,749
699,698
700,650
700,750
700,701
701,651
701,751
701,700
701,702
702,652
702,752
702,701
702,703
703,653
703,753
703,702
703,704
704,654
704,754
704,703
704,705
705,655
705,755
705,704
705,706
706,656
706,756
706,705
706,707
707,657
707,757
707,706
707,708
708,658
708,758
708,707
708,709
709,659
709,759
709,708
709,710
710,660
710,760
710,709
710,711
711,661
711,761
711,710
711,712
712,662
712,762
712,711
712,713
713,663
713,763
713,712
713,714
714,664
714,764
714,713
714,715
715,665
715,765
715,714
715,716
716,666
716,766
716,715
716,717
717,667
717,767
717,716
717,718
718,668
718,768
718,717
718,719
719,669
719,769
719,718
719,720
720,670
720,770
720,719
720,721
721,671
721,771
721,720
721,722
722,672
722,772
722,721
722,723
723,673
723,773
723,722
723,724
724,674
724,774
724,723
724,725
725,675
725,775
725,724
725,726
726,676
726,776
726,725
726,727
727,677
727,777
727,726
727,728
728,678
728,778
728,727
728,729
729,679
729,779
729,728
729,730
730,680
730,780
730,729
730,731
731,681
731,781
731,730
731,732
732,682
732,782
732,731
732,733
733,683
733,783
733,732
733,734
734,684
734,784
734,733
734,735
735,685
735,785
735,734
735,736
736,686
736,786
736,735
736,737
737,687
737,787
737,736
737,738
738,688
738,788
738,737
738,739
739,689
739,789
739,738
739,740
740,690
740,790
740,739
740,741
741,691
741,791
741,740
741,742
742,692
742,792
742,741
742,743
743,693
743,793
743,742
743,744
744,694
744,794
744,743
744,745
745,695
745,795
745,744
745,746
746,696
746,796
746,745
746,747
747,697
747,797
747,746
747,748
748,698
748,798
748,747
748,749
749,699
749,799
749,748
750,700
750,800
750,751
751,701
751,801
751,750
751,752
752,702
752,802
752,751
752,753
753,703
753,803
753,752
753,754
754,704
754,804
754,753
754,755
755,705
755,805
755,754
755,756
756,706
756,806
756,755
756,757
757,707
757,807
757,756
757,758
758,708
758,808
758,757
758,759
759,709
759,809
759,758
759,760
760,710
760,810
760,759
760,761
761,711
761,811
761,760
761,762
762,712
762,812
762,761
762,763
763,713
763,813
763,762
763,764
764,714
764,814
764,763
764,765
765,715
765,815
765,764
765,766
766,716
766,816
766,765
766,767
767,717
767,817
767,766
767,768
768,718
768,818
768,767
768,769
769,719
769,819
769,768
769,770
770,720
770,820
770,769
770,771
771,721
771,821
771,770
771,772
772,722
772,822
772,771
772,773
773,723
773,823
773,772
773,774
774,724
774,824
774,773
774,775
775,725
775,825
775,774
775,776
776,726
776,826
776,775
776,777
777,727
777,827
777,776
777,778
778,728
778,828
778,777
778,779
779,729
779,829
779,778
779,780
780,730
780,830
780,779
780,781
781,731
781,831
781,780
781,782
782,732
782,832
782,781
782,783
783,733
783,833
783,782
783,784
784,734
784,834
784,783
784,785
785,735
785,835
785,784
785,786
786,736
786,836
786,785
786,787
787,737
787,837
787,786
787,788
788,738
788,838
788,787
788,789
789,739
789,839
789,788
789,790
790,740
790,840
790,789
790,791
791,741
791,841
791,790
791,792
792,742
792,842
792,791
792,793
793,743
793,843
793,792
793,794
794,744
794,844
794,793
794,795
795,745
795,845
795,794
795,796
796,746
796,846
796,795
796,797
797,747
797,847
797,796
797,798
798,748
798,848
798,797
798,799
799,749
799,849
799,798
800,750
800,850
800,801
801,751
801,851
801,800
801,802
802,752
802,852
802,801
802,803
803,753
803,853
803,802
803,804
804,754
804,854
804,803
804,805
805,755
805,855
805,804
805,806
806,756
806,856
806,805
806,807
807,757
807,857
807,806
807,808
808,758
808,858
808,807
808,809
809,759
809,859
809,808
809,810
810,760
810,860
810,809
810,811
811,761
811,861
811,810
811,812
812,762
812,862
812,811
812,813
813,763
813,863
813,812
813,814
814,764
814,864
814,813
814,815
815,765
815,865
815,814
815,816
816,766
816,866
816,815
816,817
817,767
817,867
817,816
817,818
818,768
818,868
818,817
818,819
819,769
819,869
819,818
819,820
820,770
820,870
820,819
820,821
821,771
821,871
821,820
821,822
822,772
822,872
822,821
822,823
823,773
823,873
823,822
823,824
824,774
824,874
824,823
824,825
825,775
825,875
825,824
825,826
826,776
826,876
826,825
826,827
827,777
827,877
827,826
827,828
828,778
828,878
828,827
828,829
829,779
829,879
829,828
829,830
830,780
830,880
830,829
830,831
831,781
831,881
831,830
831,832
832,782
832,882
832,831
832,833
833,783
833,883
833,832
833,834
834,784
834,884
834,833
834,835
835,785
835,885
835,834
835,836
836,786
836,886
836,835
836,837
837,787
837,887
837,836
837,838
838,788
838,888
838,837
838,839
839,789
839,889
839,838
839,840
840,790
840,890
840,839
840,841
841,791
841,891
841,840
841,842
842,792
842,892
842,841
842,843
843,793
843,893
843,842
843,844
844,794
844,894
844,843
844,845
845,795
845,895
845,844
845,846
846,796
846,896
846,845
846,847
847,797
847,897
847,846
847,848
848,798
848,898
848,847
848,849
849,799
849,899
849,848
850,800
850,900
850,851
851,801
851,901
851,850
851,852
852,802
852,902
852,851
852,853
853,803
853,903
853,852
853,854
854,804
854,904
854,853
854,855
855,805
855,905
855,854
855,856
856,806
856,906
856,855
856,857
857,807
857,907
857,856
857,858
858,808
858,908
858,857
858,859
859,809
859,909
859,858
859,860
860,810
860,910
860,859
860,861
861,811
861,911
861,860
861,862
862,812
862,912
862,861
862,863
863,813
863,913
863,862
863,864
864,814
864,914
864,863
864,865
865,815
865,915
865,864
865,866
866,816
866,916
866,865
866,867
867,817
867,917
867,866
867,868
868,818
868,918
868,867
868,869
869,819
869,919
869,868
869,870
870,820
870,920
870,869
870,871
871,821
871,921
871,870
871,872
872,822
872,922
872,871
872,873
873,823
873,923
873,872
873,874
874,824
874,924
874,873
874,875
875,825
875,925
875,874
875,876
876,826
876,926
876,875
876,877
877,827
877,927
877,876
877,878
878,828
878,928
878,877
878,879
879,829
879,929
879,878
879,880
880,830
880,930
880,879
880,881
881,831
881,931
881,880
881,882
882,832
882,932
882,881
882,883
883,833
883,933
883,882
883,884
884,834
884,934
884,883
884,885
885,835
885,935
885,884
885,886
886,836
886,936
886,885
886,887
887,837
887,937
887,886
887,888
888,838
888,938
888,887
888,889
889,839
889,939
889,888
889,890
890,840
890,940
890,889
890,891
891,841
891,941
891,890
891,892
892,842
892,942
892,891
892,893
893,843
893,943
893,892
893,894
894,844
894,944
894,893
894,895
895,845
895,945
895,894
895,896
896,846
896,946
896,895
896,897
897,847
897,947
897,896
897,898
898,848
898,948
898,897
898,899
899,849
899,949
899,898
900,850
900,950
900,901
901,851
901,951
901,900
901,902
902,852
902,952
902,901
902,903
903,853
903,953
903,902
903,904
904,854
904,954
904,903
904,905
905,855
905,955
905,904
905,906
906,856
906,956
906,905
906,907
907,857
907,957
907,906
907,908
908,858
908,958
908,907
908,909
909,859
909,959
909,908
909,910
910,860
910,960
910,909
910,911
911,861
911,961
911,910
911,912
912,862
912,962
912,911
912,913
913,863
913,963
913,912
913,914
914,864
914,964
914,913
914,915
915,865
915,965
915,914
915,916
916,866
916,966
916,915
916,917
917,867
917,967
917,916
917,918
918,868
918,968
918,917
918,919
919,869
919,969
919,918
919,920
920,870
920,970
920,919
920,921
921,871
921,971
921,920
921,922
922,872
922,972
922,921
922,923
923,873
923,973
923,922
923,924
924,874
924,974
924,923
924,925
925,875
925,975
925,924
925,926
926,876
926,976
926,925
926,927
927,877
927,977
927,926
927,928
928,878
928,978
928,927
928,929
929,879
929,979
929,928
929,930
930,880
930,980
930,929
930,931
931,881
931,981
931,930
931,932
932,882
932,982
932,931
932,933
933,883
933,983
933,932
933,934
934,884
934,984
934,933
934,935
935,885
935,985
935,934
935,936
936,886
936,986
936,935
936,937
937,887
937,987
937,936
937,938
938,888
938,988
938,937
938,939
939,889
939,989
939,938
939,940
940,890
940,990
940,939
940,941
941,891
941,991
941,940
941,942
942,892
942,992
942,941
942,943
943,893
943,993
943,942
943,944
944,894
944,994
944,943
944,945
945,895
945,995
945,944
945,946
946,896
946,996
946,945
946,947
947,897
947,997
947,946
947,948
948,898
948,998
948,947
948,949
949,899
949,999
949,948
950,900
950,1000
950,951
951,901
951,1001
951,950
951,952
952,902
952,1002
952,951
952,953
953,903
953,1003
953,952
953,954
954,904
954,1004
954,953
954,955
955,905
955,1005
955,954
955,956
956,906
956,1006
956,955
956,957
957,907
957,1007
957,956
957,958
958,908
958,1008
958,957
958,959
959,909
959,1009
959,958
959,960
960,910
960,1010
960,959
960,961
961,911
961,1011
961,960
961,962
962,912
962,1012
962,961
962,963
963,913
963,1013
963,962
963,964
964,914
964,1014
964,963
964,965
965,915
965,1015
965,964
965,966
966,916
966,1016
966,965
966,967
967,917
967,1017
967,966
967,968
968,918
968,1018
968,967
968,969
969,919
969,1019
969,968
969,970
970,920
970,1020
970,969
970,971
971,921
971,1021
971,970
971,972
972,922
972,1022
972,971
972,973
973,923
973,1023
973,972
973,974
974,924
974,1024
974,973
974,975
975,925
975,1025
975,974
975,976
976,926
976,1026
976,975
976,977
977,927
977,1027
977,976
977,978
978,928
978,1028
978,977
978,979
979,929
979,1029
979,978
979,980
980,930
980,1030
980,979
980,981
981,931
981,1031
981,980
981,982
982,932
982,1032
982,981
982,983
983,933
983,1033
983,982
983,984
984,934
984,1034
984,983
984,985
985,935
985,1035
985,984
985,986
986,936
986,1036
986,985
986,987
987,937
987,1037
987,986
987,988
988,938
988,1038
988,987
988,989
989,939
989,1039
989,988
989,990
990,940
990,1040
990,989
990,991
991,941
991,1041
991,990
991,992
992,942
992,1042
992,991
992,993
993,943
993,1043
993,992
993,994
994,944
994,1044
994,993
994,995
995,945
995,1045
995,994
995,996
996,946
996,1046
996,995
996,997
997,947
997,1047
997,996
997,998
998,948
998,1048
998,997
998,999
999,949
999,1049
999,998
1000,950
1000,1050
1000,1001
1001,951
1001,1051
1001,1000
1001,1002
1002,952
1002,1052
1002,1001
1002,1003
1003,953
1003,1053
1003,1002
1003,1004
1004,954
1004,1054
1004,1003
1004,1005
1005,955
1005,1055
1005,1004
1005,1006
1006,956
1006,1056
1006,1005
1006,1007
1007,957
1007,1057
1007,1006
1007,1008
1008,958
1008,1058
1008,1007
1008,1009
1009,959
1009,1059
1009,1008
1009,1010
1010,960
1010,1060
1010,1009
1010,1011
1011,961
1011,1061
1011,1010
1011,1012
1012,962
1012,1062
1012,1011
1012,1013
1013,963
1013,1063
1013,1012
1013,1014
1014,964
1014,1064
1014,1013
1014,1015
1015,965
1015,1065
1015,1014
1015,1016
1016,966
1016,1066
1016,1015
1016,1017
1017,967
1017,1067
1017,1016
1017,1018
1018,968
1018,1068
1018,1017
1018,1019
1019,969
1019,1069
1019,1018
1019,1020
1020,970
1020,1070
1020,1019
1020,1021
1021,971
1021,1071
1021,1020
1021,1022
1022,972
1022,1072
1022,1021
1022,1023
1023,973
1023,1073
1023,1022
1023,1024
1024,974
1024,1074
1024,1023
1024,1025
1025,975
1025,1075
1025,1024
1025,1026
1026,976
1026,1076
1026,1025
1026,1027
1027,977
1027,1077
1027,1026
1027,1028
1028,978
1028,1078
1028,1027
1028,1029
1029,979
1029,1079
1029,1028
1029,1030
1030,980
1030,1080
1030,1029
1030,1031
1031,981
1031,1081
1031,1030
1031,1032
1032,982
1032,1082
1032,1031
1032,1033
1033,983
1033,1083
1033,1032
1033,1034
1034,984
1034,1084
1034,1033
1034,1035
1035,985
1035,1085
1035,1034
1035,1036
1036,986
1036,1086
1036,1035
1036,1037
1037,987
1037,1087
1037,1036
1037,1038
1038,988
1038,1088
1038,1037
1038,1039
1039,989
1039,1089
1039,1038
1039,1040
1040,990
1040,1090
1040,1039
1040,1041
1041,991
1041,1091
1041,1040
1041,1042
1042,992
1042,1092
1042,1041
1042,1043
1043,993
1043,1093
1043,1042
1043,1044
1044,994
1044,1094
1044,1043
1044,1045
1045,995
1045,1095
1045,1044
1045,1046
1046,996
1046,1096
1046,1045
1046,1047
1047,997
1047,1097
1047,1046
1047,1048
1048,998
1048,1098
1048,1047
1048,1049
1049,999
1049,1099
1049,1048
1050,1000
1050,1100
1050,1051
1051,1001
1051,1101
1051,1050
1051,1052
1052,1002
1052,1102
1052,1051
1052,1053
1053,1003
1053,1103
1053,1052
1053,1054
1054,1004
1054,1104
1054,1053
1054,1055
1055,1005
1055,1105
1055,1054
1055,1056
1056,1006
1056,1106
1056,1055
1056,1057
1057,1007
1057,1107
1057,1056
1057,1058
1058,1008
1058,1108
1058,1057
1058,1059
1059,1009
1059,1109
1059,1058
1059,1060
1060,1010
1060,1110
1060,1059
1060,1061
1061,1011
1061,1111
1061,1060
1061,1062
1062,1012
1062,1112
1062,1061
1062,1063
1063,1013
1063,1113
1063,1062
1063,1064
1064,1014
1064,1114
1064,1063
1064,1065
1065,1015
1065,1115
1065,1064
1065,1066
1066,1016
1066,1116
1066,1065
1066,1067
1067,1017
1067,1117
1067,1066
1067,1068
1068,1018
1068,1118
1068,1067
1068,1069
1069,1019
1069,1119
1069,1068
1069,1070
1070,1020
1070,1120
1070,1069
1070,1071
1071,1021
1071,1121
1071,1070
1071,1072
1072,1022
1072,1122
1072,1071
1072,1073
1073,1023
1073,1123
1073,1072
1073,1074
1074,1024
1074,1124
1074,1073
1074,1075
1075,1025
1075,1125
1075,1074
1075,1076
1076,1026
1076,1126
1076,1075
1076,1077
1077,1027
1077,1127
1077,1076
1077,1078
1078,1028
1078,1128
1078,1077
1078,1079
1079,1029
1079,1129
1079,1078
1079,1080
1080,1030
1080,1130
1080,1079
1080,1081
1081,1031
1081,1131
1081,1080
1081,1082
1082,1032
1082,1132
1082,1081
1082,1083
1083,1033
1083,1133
1083,1082
1083,1084
1084,1034
1084,1134
1084,1083
1084,1085
1085,1035
1085,1135
1085,1084
1085,1086
1086,1036
1086,1136
1086,1085
1086,1087
1087,1037
1087,1137
1087,1086
1087,1088
1088,1038
1088,1138
1088,1087
1088,1089
1089,1039
1089,1139
1089,1088
1089,1090
1090,1040
1090,1140
1090,1089
1090,1091
1091,1041
1091,1141
1091,1090
1091,1092
1092,1042
1092,1142
1092,1091
1092,1093
1093,1043
1093,1143
1093,1092
1093,1094
1094,1044
1094,1144
1094,1093
1094,1095
1095,1045
1095,1145
1095,1094
1095,1096
1096,1046
1096,1146
1096,1095
1096,1097
1097,1047
1097,1147
1097,1096
1097,1098
1098,1048
1098,1148
1098,1097
1098,1099
1099,1049
1099,1149
1099,1098
1100,1050
1100,1150
1100,1101
1101,1051
1101,1151
1101,1100
1101,1102
1102,1052
1102,1152
1102,1101
1102,1103
1103,1053
1103,1153
1103,1102
1103,1104
1104,1054
1104,1154
1104,1103
1104,1105
1105,1055
1105,1155
1105,1104
1105,1106
1106,1056
1106,1156
1106,1105
1106,1107
1107,1057
1107,1157
1107,1106
1107,1108
1108,1058
1108,1158
1108,1107
1108,1109
1109,1059
1109,1159
1109,1108
1109,1110
1110,1060
1110,1160
1110,1109
1110,1111
1111,1061
1111,1161
1111,1110
1111,1112
1112,1062
1112,1162
1112,1111
1112,1113
1113,1063
1113,1163
1113,1112
1113,1114
1114,1064
1114,1164
1114,1113
1114,1115
1115,1065
1115,1165
1115,1114
1115,1116
1116,1066
1116,1166
1116,1115
1116,1117
1117,1067
1117,1167
1117,1116
1117,1118
1118,1068
1118,1168
1118,1117
1118,1119
1119,1069
1119,1169
1119,1118
1119,1120
1120,1070
1120,1170
1120,1119
1120,1121
1121,1071
1121,1171
1121,1120
1121,1122
1122,1072
1122,1172
1122,1121
1122,1123
1123,1073
1123,1173
1123,1122
1123,1124
1124,1074
1124,1174
1124,1123
1124,1125
1125,1075
1125,1175
1125,1124
1125,1126
1126,1076
1126,1176
1126,1125
1126,1127
1127,1077
1127,1177
1127,1126
1127,1128
1128,1078
1128,1178
1128,1127
1128,1129
1129,1079
1129,1179
1129,1128
1129,1130
1130,1080
1130,1180
1130,1129
1130,1131
1131,1081
1131,1181
1131,1130
1131,1132
1132,1082
1132,1182
1132,1131
1132,1133
1133,1083
1133,1183
1133,1132
1133,1134
1134,1084
1134,1184
1134,1133
1134,1135
1135,1085
1135,1185
1135,1134
1135,1136
1136,1086
1136,1186
1136,1135
1136,1137
1137,1087
1137,1187
1137,1136
1137,1138
1138,1088
1138,1188
1138,1137
1138,1139
1139,1089
1139,1189
1139,1138
1139,1140
1140,1090
1140,1190
1140,1139
1140,1141
1141,1091
1141,1191
1141,1140
1141,1142
1142,1092
1142,1192
1142,1141
1142,1143
1143,1093
1143,1193
1143,1142
1143,1144
1144,1094
1144,1194
1144,1143
1144,1145
1145,1095
1145,1195
1145,1144
1145,1146
1146,1096
1146,1196
1146,1145
1146,1147
1147,1097
1147,1197
1147,1146
1147,1148
1148,1098
1148,1198
1148,1147
1148,1149
1149,1099
1149,1199
1149,1148
1150,1100
1150,1200
1150,1151
1151,1101
1151,1201
1151,1150
1151,1152
1152,1102
1152,1202
1152,1151
1152,1153
1153,1103
1153,1203
1153,1152
1153,1154
1154,1104
1154,1204
1154,1153
1154,1155
1155,1105
1155,1205
1155,1154
1155,1156
1156,1106
1156,1206
1156,1155
1156,1157
1157,1107
1157,1207
1157,1156
1157,1158
1158,1108
1158,1208
1158,1157
1158,1159
1159,1109
1159,1209
1159,1158
1159,1160
1160,1110
1160,1210
1160,1159
1160,1161
1161,1111
1161,1211
1161,1160
1161,1162
1162,1112
1162,1212
1162,1161
1162,1163
1163,1113
1163,1213
1163,1162
1163,1164
1164,1114
1164,1214
1164,1163
1164,1165
1165,1115
1165,1215
1165,1164
1165,1166
1166,1116
1166,1216
1166,1165
1166,1167
1167,1117
1167,1217
1167,1166
1167,1168
1168,1118
1168,1218
1168,1167
1168,1169
1169,1119
1169,1219
1169,1168
1169,1170
1170,1120
1170,1220
1170,1169
1170,1171
1171,1121
1171,1221
1171,1170
1171,1172
1172,1122
1172,1222
1172,1171
1172,1173
1173,1123
1173,1223
1173,1172
1173,1174
1174,1124
1174,1224
1174,1173
1174,1175
1175,1125
1175,1225
1175,1174
1175,1176
1176,1126
1176,1226
1176,1175
1176,1177
1177,1127
1177,1227
1177,1176
1177,1178
1178,1128
1178,1228
1178,1177
1178,1179
1179,1129
1179,1229
1179,1178
1179,1180
1180,1130
1180,1230
1180,1179
1180,1181
1181,1131
1181,1231
1181,1180
1181,1182
1182,1132
1182,1232
1182,1181
1182,1183
1183,1133
1183,1233
1183,1182
1183,1184
1184,1134
1184,1234
1184,1183
1184,1185
1185,1135
1185,1235
1185,1184
1185,1186
1186,1136
1186,1236
1186,1185
1186,1187
1187,1137
1187,1237
1187,1186
1187,1188
1188,1138
1188,1238
1188,1187
1188,1189
1189,1139
1189,1239
1189,1188
1189,1190
1190,1140
1190,1240
1190,1189
1190,1191
1191,1141
1191,1241
1191,1190
1191,1192
1192,1142
1192,1242
1192,1191
1192,1193
1193,1143
1193,1243
1193,1192
1193,1194
1194,1144
1194,1244
1194,1193
1194,1195
1195,1145
1195,1245
1195,1194
1195,1196
1196,1146
1196,1246
1196,1195
1196,1197
1197,1147
1197,1247
1197,1196
1197,1198
1198,1148
1198,1248
1198,1197
1198,1199
1199,1149
1199,1249
1199,1198
1200,1150
1200,1250
1200,1201
1201,1151
1201,1251
1201,1200
1201,1202
1202,1152
1202,1252
1202,1201
1202,1203
1203,1153
1203,1253
1203,1202
1203,1204
1204,1154
1204,1254
1204,1203
1204,1205
1205,1155
1205,1255
1205,1204
1205,1206
1206,1156
1206,1256
1206,1205
1206,1207
1207,1157
1207,1257
1207,1206
1207,1208
1208,1158
1208,1258
1208,1207
1208,1209
1209,1159
1209,1259
1209,1208
1209,1210
1210,1160
1210,1260
1210,1209
1210,1211
1211,1161
1211,1261
1211,1210
1211,1212
1212,1162
1212,1262
1212,1211
1212,1213
1213,1163
1213,1263
1213,1212
1213,1214
1214,1164
1214,1264
1214,1213
1214,1215
1215,1165
1215,1265
1215,1214
1215,1216
1216,1166
1216,1266
1216,1215
1216,1217
1217,1167
1217,1267
1217,1216
1217,1218
1218,1168
1218,1268
1218,1217
1218,1219
1219,1169
1219,1269
1219,1218
1219,1220
1220,1170
1220,1270
1220,1219
1220,1221
1221,1171
1221,1271
1221,1220
1221,1222
1222,1172
1222,1272
1222,1221
1222,1223
1223,1173
1223,1273
1223,1222
1223,1224
1224,1174
1224,1274
1224,1223
1224,1225
1225,1175
1225,1275
1225,1224
1225,1226
1226,1176
1226,1276
1226,1225
1226,1227
1227,1177
1227,1277
1227,1226
1227,1228
1228,1178
1228,1278
1228,1227
1228,1229
1229,1179
1229,1279
1229,1228
1229,1230
1230,1180
1230,1280
1230,1229
1230,1231
1231,1181
1231,1281
1231,1230
1231,1232
1232,1182
1232,1282
1232,1231
1232,1233
1233,1183
1233,1283
1233,1232
1233,1234
1234,1184
1234,1284
1234,1233
1234,1235
1235,1185
1235,1285
1235,1234
1235,1236
1236,1186
1236,1286
1236,1235
1236,1237
1237,1187
1237,1287
1237,1236
1237,1238
1238,1188
1238,1288
1238,1237
1238,1239
1239,1189
1239,1289
1239,1238
1239,1240
1240,1190
1240,1290
1240,1239
1240,1241
1241,1191
1241,1291
1241,1240
1241,1242
1242,1192
1242,1292
1242,1241
1242,1243
1243,1193
1243,1293
1243,1242
1243,1244
1244,1194
1244,1294
1244,1243
1244,1245
1245,1195
1245,1295
1245,1244
1245,1246
1246,1196
1246,1296
1246,1245
1246,1247
1247,1197
1247,1297
1247,1246
1247,1248
1248,1198
1248,1298
1248,1247
1248,1249
1249,1199
1249,1299
1249,1248
1250,1200
1250,1300
1250,1251
1251,1201
1251,1301
1251,1250
1251,1252
1252,1202
1252,1302
1252,1251
1252,1253
1253,1203
1253,1303
1253,1252
1253,1254
1254,1204
1254,1304
1254,1253
1254,1255
1255,1205
1255,1305
1255,1254
1255,1256
1256,1206
1256,1306
1256,1255
1256,1257
1257,1207
1257,1307
1257,1256
1257,1258
1258,1208
1258,1308
1258,1257
1258,1259
1259,1209
1259,1309
1259,1258
1259,1260
1260,1210
1260,1310
1260,1259
1260,1261
1261,1211
1261,1311
1261,1260
1261,1262
1262,1212
1262,1312
1262,1261
1262,1263
1263,1213
1263,1313
1263,1262
1263,1264
1264,1214
1264,1314
1264,1263
1264,1265
1265,1215
1265,1315
1265,1264
1265,1266
1266,1216
1266,1316
1266,1265
1266,1267
1267,1217
1267,1317
1267,1266
1267,1268
1268,1218
1268,1318
1268,1267
1268,1269
1269,1219
1269,1319
1269,1268
1269,1270
1270,1220
1270,1320
1270,1269
1270,1271
1271,1221
1271,1321
1271,1270
1271,1272
1272,1222
1272,1322
1272,1271
1272,1273
1273,1223
1273,1323
1273,1272
1273,1274
1274,1224
1274,1324
1274,1273
1274,1275
1275,1225
1275,1325
1275,1274
1275,1276
1276,1226
1276,1326
1276,1275
1276,1277
1277,1227
1277,1327
1277,1276
1277,1278
1278,1228
1278,1328
1278,1277
1278,1279
1279,1229
1279,1329
1279,1278
1279,1280
1280,1230
1280,1330
1280,1279
1280,1281
1281,1231
1281,1331
1281,1280
1281,1282
1282,1232
1282,1332
1282,1281
1282,1283
1283,1233
1283,1333
1283,1282
1283,1284
1284,1234
1284,1334
1284,1283
1284,1285
1285,1235
1285,1335
1285,1284
1285,1286
1286,1236
1286,1336
1286,1285
1286,1287
1287,1237
1287,1337
1287,1286
1287,1288
1288,1238
1288,1338
1288,1287
1288,1289
1289,1239
1289,1339
1289,1288
1289,1290
1290,1240
1290,1340
1290,1289
1290,1291
1291,1241
1291,1341
1291,1290
1291,1292
1292,1242
1292,1342
1292,1291
1292,1293
1293,1243
1293,1343
1293,1292
1293,1294
1294,1244
1294,1344
1294,1293
1294,1295
1295,1245
1295,1345
1295,1294
1295,1296
1296,1246
1296,1346
1296,1295
1296,1297
1297,1247
1297,1347
1297,1296
1297,1298
1298,1248
1298,1348
1298,1297
1298,1299
1299,1249
1299,1349
1299,1298
1300,1250
1300,1350
1300,1301
1301,1251
1301,1351
1301,1300
1301,1302
1302,1252
1302,1352
1302,1301
1302,1303
1303,1253
1303,1353
1303,1302
1303,1304
1304,1254
1304,1354
1304,1303
1304,1305
1305,1255
1305,1355
1305,1304
1305,1306
1306,1256
1306,1356
1306,1305
1306,1307
1307,1257
1307,1357
1307,1306
1307,1308
1308,1258
1308,1358
1308,1307
1308,1309
1309,1259
1309,1359
1309,1308
1309,1310
1310,1260
1310,1360
1310,1309
1310,1311
1311,1261
1311,1361
1311,1310
1311,1312
1312,1262
1312,1362
1312,1311
1312,1313
1313,1263
1313,1363
1313,1312
1313,1314
1314,1264
1314,1364
1314,1313
1314,1315
1315,1265
1315,1365
1315,1314
1315,1316
1316,1266
1316,1366
1316,1315
1316,1317
1317,1267
1317,1367
1317,1316
1317,1318
1318,1268
1318,1368
1318,1317
1318,1319
1319,1269
1319,1369
1319,1318
1319,1320
1320,1270
1320,1370
1320,1319
1320,1321
1321,1271
1321,1371
1321,1320
1321,1322
1322,1272
1322,1372
1322,1321
1322,1323
1323,1273
1323,1373
1323,1322
1323,1324
1324,1274
1324,1374
1324,1323
1324,1325
1325,1275
1325,1375
1325,1324
1325,1326
1326,1276
1326,1376
1326,1325
1326,1327
1327,1277
1327,1377
1327,1326
1327,1328
1328,1278
1328,1378
1328,1327
1328,1329
1329,1279
1329,1379
1329,1328
1329,1330
1330,1280
1330,1380
1330,1329
1330,1331
1331,1281
1331,1381
1331,1330
1331,1332
1332,1282
1332,1382
1332,1331
1332,1333
1333,1283
1333,1383
1333,1332
1333,1334
1334,1284
1334,1384
1334,1333
1334,1335
1335,1285
1335,1385
1335,1334
1335,1336
1336,1286
1336,1386
1336,1335
1336,1337
1337,1287
1337,1387
1337,1336
1337,1338
1338,1288
1338,1388
1338,1337
1338,1339
1339,1289
1339,1389
1339,1338
1339,1340
1340,1290
1340,1390
1340,1339
1340,1341
1341,1291
1341,1391
1341,1340
1341,1342
1342,1292
1342,1392
1342,1341
1342,1343
1343,1293
1343,1393
1343,1342
1343,1344
1344,1294
1344,1394
1344,1343
1344,1345
1345,1295
1345,1395
1345,1344
1345,1346
1346,1296
1346,1396
1346,1345
1346,1347
1347,1297
1347,1397
1347,1346
1347,1348
1348,1298
1348,1398
1348,1347
1348,1349
1349,1299
1349,1399
1349,1348
1350,1300
1350,1400
1350,1351
1351,1301
1351,1401
1351,1350
1351,1352
1352,1302
1352,1402
1352,1351
1352,1353
1353,1303
1353,1403
1353,1352
1353,1354
1354,1304
1354,1404
1354,1353
1354,1355
1355,1305
1355,1405
1355,1354
1355,1356
1356,1306
1356,1406
1356,1355
1356,1357
1357,1307
1357,1407
1357,1356
1357,1358
1358,1308
1358,1408
1358,1357
1358,1359
1359,1309
1359,1409
1359,1358
1359,1360
1360,1310
1360,1410
1360,1359
1360,1361
1361,1311
1361,1411
1361,1360
1361,1362
1362,1312
1362,1412
1362,1361
1362,1363
1363,1313
1363,1413
1363,1362
1363,1364
1364,1314
1364,1414
1364,1363
1364,1365
1365,1315
1365,1415
1365,1364
1365,1366
1366,1316
1366,1416
1366,1365
1366,1367
1367,1317
1367,1417
1367,1366
1367,1368
1368,1318
1368,1418
1368,1367
1368,1369
1369,1319
1369,1419
1369,1368
1369,1370
1370,1320
1370,1420
1370,1369
1370,1371
1371,1321
1371,1421
1371,1370
1371,1372
1372,1322
1372,1422
1372,1371
1372,1373
1373,1323
1373,1423
1373,1372
1373,1374
1374,1324
1374,1424
1374,1373
1374,1375
1375,1325
1375,1425
1375,1374
1375,1376
1376,1326
1376,1426
1376,1375
1376,1377
1377,1327
1377,1427
1377,1376
1377,1378
1378,1328
1378,1428
1378,1377
1378,1379
1379,1329
1379,1429
1379,1378
1379,1380
1380,1330
1380,1430
1380,1379
1380,1381
1381,1331
1381,1431
1381,1380
1381,1382
1382,1332
1382,1432
1382,1381
1382,1383
1383,1333
1383,1433
1383,1382
1383,1384
1384,1334
1384,1434
1384,1383
1384,1385
1385,1335
1385,1435
1385,1384
1385,1386
1386,1336
1386,1436
1386,1385
1386,1387
1387,1337
1387,1437
1387,1386
1387,1388
1388,1338
1388,1438
1388,1387
1388,1389
1389,1339
1389,1439
1389,1388
1389,1390
1390,1340
1390,1440
1390,1389
1390,1391
1391,1341
1391,1441
1391,1390
1391,1392
1392,1342
1392,1442
1392,1391
1392,1393
1393,1343
1393,1443
1393,1392
1393,1394
1394,1344
1394,1444
1394,1393
1394,1395
1395,1345
1395,1445
1395,1394
1395,1396
1396,1346
1396,1446
1396,1395
1396,1397
1397,1347
1397,1447
1397,1396
1397,1398
1398,1348
1398,1448
1398,1397
1398,1399
1399,1349
1399,1449
1399,1398
1400,1350
1400,1450
1400,1401
1401,1351
1401,1451
1401,1400
1401,1402
1402,1352
1402,1452
1402,1401
1402,1403
1403,1353
1403,1453
1403,1402
1403,1404
1404,1354
1404,1454
1404,1403
1404,1405
1405,1355
1405,1455
1405,1404
1405,1406
1406,1356
1406,1456
1406,1405
1406,1407
1407,1357
1407,1457
1407,1406
1407,1408
1408,1358
1408,1458
1408,1407
1408,1409
1409,1359
1409,1459
1409,1408
1409,1410
1410,1360
1410,1460
1410,1409
1410,1411
1411,1361
1411,1461
1411,1410
1411,1412
1412,1362
1412,1462
1412,1411
1412,1413
1413,1363
1413,1463
1413,1412
1413,1414
1414,1364
1414,1464
1414,1413
1414,1415
1415,1365
1415,1465
1415,1414
1415,1416
1416,1366
1416,1466
1416,1415
1416,1417
1417,1367
1417,1467
1417,1416
1417,1418
1418,1368
1418,1468
1418,1417
1418,1419
1419,1369
1419,1469
1419,1418
1419,1420
1420,1370
1420,1470
1420,1419
1420,1421
1421,1371
1421,1471
1421,1420
1421,1422
1422,1372
1422,1472
1422,1421
1422,1423
1423,1373
1423,1473
1423,1422
1423,1424
1424,1374
1424,1474
1424,1423
1424,1425
1425,1375
1425,1475
1425,1424
1425,1426
1426,1376
1426,1476
1426,1425
1426,1427
1427,1377
1427,1477
1427,1426
1427,1428
1428,1378
1428,1478
1428,1427
1428,1429
1429,1379
1429,1479
1429,1428
1429,1430
1430,1380
1430,1480
1430,1429
1430,1431
1431,1381
1431,1481
1431,1430
1431,1432
1432,1382
1432,1482
1432,1431
1432,1433
1433,1383
1433,1483
1433,1432
1433,1434
1434,1384
1434,1484
1434,1433
1434,1435
1435,1385
1435,1485
1435,1434
1435,1436
1436,1386
1436,1486
1436,1435
1436,1437
1437,1387
1437,1487
1437,1436
1437,1438
1438,1388
1438,1488
1438,1437
1438,1439
1439,1389
1439,1489
1439,1438
1439,1440
1440,1390
1440,1490
1440,1439
1440,1441
1441,1391
1441,1491
1441,1440
1441,1442
1442,1392
1442,1492
1442,1441
1442,1443
1443,1393
1443,1493
1443,1442
1443,1444
1444,1394
1444,1494
1444,1443
1444,1445
1445,1395
1445,1495
1445,1444
1445,1446
1446,1396
1446,1496
1446,1445
1446,1447
1447,1397
1447,1497
1447,1446
1447,1448
1448,1398
1448,1498
1448,1447
1448,1449
1449,1399
1449,1499
1449,1448
1450,1400
1450,1500
1450,1451
1451,1401
1451,1501
1451,1450
1451,1452
1452,1402
1452,1502
1452,1451
1452,1453
1453,1403
1453,1503
1453,1452
1453,1454
1454,1404
1454,1504
1454,1453
1454,1455
1455,1405
1455,1505
1455,1454
1455,1456
1456,1406
1456,1506
1456,1455
1456,1457
1457,1407
1457,1507
1457,1456
1457,1458
1458,1408
1458,1508
1458,1457
1458,1459
1459,1409
1459,1509
1459,1458
1459,1460
1460,1410
1460,1510
1460,1459
1460,1461
1461,1411
1461,1511
1461,1460
1461,1462
1462,1412
1462,1512
1462,1461
1462,1463
1463,1413
1463,1513
1463,1462
1463,1464
1464,1414
1464,1514
1464,1463
1464,1465
1465,1415
1465,1515
1465,1464
1465,1466
1466,1416
1466,1516
1466,1465
1466,1467
1467,1417
1467,1517
1467,1466
1467,1468
1468,1418
1468,1518
1468,1467
1468,1469
1469,1419
1469,1519
1469,1468
1469,1470
1470,1420
1470,1520
1470,1469
1470,1471
1471,1421
1471,1521
1471,1470
1471,1472
1472,1422
1472,1522
1472,1471
1472,1473
1473,1423
1473,1523
1473,1472
1473,1474
1474,1424
1474,1524
1474,1473
1474,1475
1475,1425
1475,1525
1475,1474
1475,1476
1476,1426
1476,1526
1476,1475
1476,1477
1477,1427
1477,1527
1477,1476
1477,1478
1478,1428
1478,1528
1478,1477
1478,1479
1479,1429
1479,1529
1479,1478
1479,1480
1480,1430
1480,1530
1480,1479
1480,1481
1481,1431
1481,1531
1481,1480
1481,1482
1482,1432
1482,1532
1482,1481
1482,1483
1483,1433
1483,1533
1483,1482
1483,1484
1484,1434
1484,1534
1484,1483
1484,1485
1485,1435
1485,1535
1485,1484
1485,1486
1486,1436
1486,1536
1486,1485
1486,1487
1487,1437
1487,1537
1487,1486
1487,1488
1488,1438
1488,1538
1488,1487
1488,1489
1489,1439
1489,1539
1489,1488
1489,1490
1490,1440
1490,1540
1490,1489
1490,1491
1491,1441
1491,1541
1491,1490
1491,1492
1492,1442
1492,1542
1492,1491
1492,1493
1493,1443
1493,1543
1493,1492
1493,1494
1494,1444
1494,1544
1494,1493
1494,1495
1495,1445
1495,1545
1495,1494
1495,1496
1496,1446
1496,1546
1496,1495
1496,1497
1497,1447
1497,1547
1497,1496
1497,1498
1498,1448
1498,1548
1498,1497
1498,1499
1499,1449
1499,1549
1499,1498
1500,1450
1500,1550
1500,1501
1501,1451
1501,1551
1501,1500
1501,1502
1502,1452
1502,1552
1502,1501
1502,1503
1503,1453
1503,1553
1503,1502
1503,1504
1504,1454
1504,1554
1504,1503
1504,1505
1505,1455
1505,1555
1505,1504
1505,1506
1506,1456
1506,1556
1506,1505
1506,1507
1507,1457
1507,1557
1507,1506
1507,1508
1508,1458
1508,1558
1508,1507
1508,1509
1509,1459
1509,1559
1509,1508
1509,1510
1510,1460
1510,1560
1510,1509
1510,1511
1511,1461
1511,1561
1511,1510
1511,1512
1512,1462
1512,1562
1512,1511
1512,1513
1513,1463
1513,1563
1513,1512
1513,1514
1514,1464
1514,1564
1514,1513
1514,1515
1515,1465
1515,1565
1515,1514
1515,1516
1516,1466
1516,1566
1516,1515
1516,1517
1517,1467
1517,1567
1517,1516
1517,1518
1518,1468
1518,1568
1518,1517
1518,1519
1519,1469
1519,1569
1519,1518
1519,1520
1520,1470
1520,1570
1520,1519
1520,1521
1521,1471
1521,1571
1521,1520
1521,1522
1522,1472
1522,1572
1522,1521
1522,1523
1523,1473
1523,1573
1523,1522
1523,1524
1524,1474
1524,1574
1524,1523
1524,1525
1525,1475
1525,1575
1525,1524
1525,1526
1526,1476
1526,1576
1526,1525
1526,1527
1527,1477
1527,1577
1527,1526
1527,1528
1528,1478
1528,1578
1528,1527
1528,1529
1529,1479
1529,1579
1529,1528
1529,1530
1530,1480
1530,1580
1530,1529
1530,1531
1531,1481
1531,1581
1531,1530
1531,1532
1532,1482
1532,1582
1532,1531
1532,1533
1533,1483
1533,1583
1533,1532
1533,1534
1534,1484
1534,1584
1534,1533
1534,1535
1535,1485
1535,1585
1535,1534
1535,1536
1536,1486
1536,1586
1536,1535
1536,1537
1537,1487
1537,1587
1537,1536
1537,1538
1538,1488
1538,1588
1538,1537
1538,1539
1539,1489
1539,1589
1539,1538
1539,1540
1540,1490
1540,1590
1540,1539
1540,1541
1541,1491
1541,1591
1541,1540
1541,1542
1542,1492
1542,1592
1542,1541
1542,1543
1543,1493
1543,1593
1543,1542
1543,1544
1544,1494
1544,1594
1544,1543
1544,1545
1545,1495
1545,1595
1545,1544
1545,1546
1546,1496
1546,1596
1546,1545
1546,1547
1547,1497
1547,1597
1547,1546
1547,1548
1548,1498
1548,1598
1548,1547
1548,1549
1549,1499
1549,1599
1549,1548
1550,1500
1550,1600
1550,1551
1551,1501
1551,1601
1551,1550
1551,1552
1552,1502
1552,1602
1552,1551
1552,1553
1553,1503
1553,1603
1553,1552
1553,1554
1554,1504
1554,1604
1554,1553
1554,1555
1555,1505
1555,1605
1555,1554
1555,1556
1556,1506
1556,1606
1556,1555
1556,1557
1557,1507
1557,1607
1557,1556
1557,1558
1558,1508
1558,1608
1558,1557
1558,1559
1559,1509
1559,1609
1559,1558
1559,1560
1560,1510
1560,1610
1560,1559
1560,1561
1561,1511
1561,1611
1561,1560
1561,1562
1562,1512
1562,1612
1562,1561
1562,1563
1563,1513
1563,1613
1563,1562
1563,1564
1564,1514
1564,1614
1564,1563
1564,1565
1565,1515
1565,1615
1565,1564
1565,1566
1566,1516
1566,1616
1566,1565
1566,1567
1567,1517
1567,1617
1567,1566
1567,1568
1568,1518
1568,1618
1568,1567
1568,1569
1569,1519
1569,1619
1569,1568
1569,1570
1570,1520
1570,1620
1570,1569
1570,1571
1571,1521
1571,1621
1571,1570
1571,1572
1572,1522
1572,1622
1572,1571
1572,1573
1573,1523
1573,1623
1573,1572
1573,1574
1574,1524
1574,1624
1574,1573
1574,1575
1575,1525
1575,1625
1575,1574
1575,1576
1576,1526
1576,1626
1576,1575
1576,1577
1577,1527
1577,1627
1577,1576
1577,1578
1578,1528
1578,1628
1578,1577
1578,1579
1579,1529
1579,1629
1579,1578
1579,1580
1580,1530
1580,1630
1580,1579
1580,1581
1581,1531
1581,1631
1581,1580
1581,1582
1582,1532
1582,1632
1582,1581
1582,1583
1583,1533
1583,1633
1583,1582
1583,1584
1584,1534
1584,1634
1584,1583
1584,1585
1585,1535
1585,1635
1585,1584
1585,1586
1586,1536
1586,1636
1586,1585
1586,1587
1587,1537
1587,1637
1587,1586
1587,1588
1588,1538
1588,1638
1588,1587
1588,1589
1589,1539
1589,1639
1589,1588
1589,1590
1590,1540
1590,1640
1590,1589
1590,1591
1591,1541
1591,1641
1591,1590
1591,1592
1592,1542
1592,1642
1592,1591
1592,1593
1593,1543
1593,1643
1593,1592
1593,1594
1594,1544
1594,1644
1594,1593
1594,1595
1595,1545
1595,1645
1595,1594
1595,1596
1596,1546
1596,1646
1596,1595
1596,1597
1597,1547
1597,1647
1597,1596
1597,1598
1598,1548
1598,1648
1598,1597
1598,1599
1599,1549
1599,1649
1599,1598
1600,1550
1600,1650
1600,1601
1601,1551
1601,1651
1601,1600
1601,1602
1602,1552
1602,1652
1602,1601
1602,1603
1603,1553
1603,1653
1603,1602
1603,1604
1604,1554
1604,1654
1604,1603
1604,1605
1605,1555
1605,1655
1605,1604
1605,1606
1606,1556
1606,1656
1606,1605
1606,1607
1607,1557
1607,1657
1607,1606
1607,1608
1608,1558
1608,1658
1608,1607
1608,1609
1609,1559
1609,1659
1609,1608
1609,1610
1610,1560
1610,1660
1610,1609
1610,1611
1611,1561
1611,1661
1611,1610
1611,1612
1612,1562
1612,1662
1612,1611
1612,1613
1613,1563
1613,1663
1613,1612
1613,1614
1614,1564
1614,1664
1614,1613
1614,1615
1615,1565
1615,1665
1615,1614
1615,1616
1616,1566
1616,1666
1616,1615
1616,1617
1617,1567
1617,1667
1617,1616
1617,1618
1618,1568
1618,1668
1618,1617
1618,1619
1619,1569
1619,1669
1619,1618
1619,1620
1620,1570
1620,1670
1620,1619
1620,1621
1621,1571
1621,1671
1621,1620
1621,1622
1622,1572
1622,1672
1622,1621
1622,1623
1623,1573
1623,1673
1623,1622
1623,1624
1624,1574
1624,1674
1624,1623
1624,1625
1625,1575
1625,1675
1625,1624
1625,1626
1626,1576
1626,1676
1626,1625
1626,1627
1627,1577
1627,1677
1627,1626
1627,1628
1628,1578
1628,1678
1628,1627
1628,1629
1629,1579
1629,1679
1629,1628
1629,1630
1630,1580
1630,1680
1630,1629
1630,1631
1631,1581
1631,1681
1631,1630
1631,1632
1632,1582
1632,1682
1632,1631
1632,1633
1633,1583
1633,1683
1633,1632
1633,1634
1634,1584
1634,1684
1634,1633
1634,1635
1635,1585
1635,1685
1635,1634
1635,1636
1636,1586
1636,1686
1636,1635
1636,1637
1637,1587
1637,1687
1637,1636
1637,1638
1638,1588
1638,1688
1638,1637
1638,1639
1639,1589
1639,1689
1639,1638
1639,1640
1640,1590
1640,1690
1640,1639
1640,1641
1641,1591
1641,1691
1641,1640
1641,1642
1642,1592
1642,1692
1642,1641
1642,1643
1643,1593
1643,1693
1643,1642
1643,1644
1644,1594
1644,1694
1644,1643
1644,1645
1645,1595
1645,1695
1645,1644
1645,1646
1646,1596
1646,1696
1646,1645
1646,1647
1647,1597
1647,1697
1647,1646
1647,1648
1648,1598
1648,1698
1648,1647
1648,1649
1649,1599
1649,1699
1649,1648
1650,1600
1650,1700
1650,1651
1651,1601
1651,1701
1651,1650
1651,1652
1652,1602
1652,1702
1652,1651
1652,1653
1653,1603
1653,1703
1653,1652
1653,1654
1654,1604
1654,1704
1654,1653
1654,1655
1655,1605
1655,1705
1655,1654
1655,1656
1656,1606
1656,1706
1656,1655
1656,1657
1657,1607
1657,1707
1657,1656
1657,1658
1658,1608
1658,1708
1658,1657
1658,1659
1659,1609
1659,1709
1659,1658
1659,1660
1660,1610
1660,1710
1660,1659
1660,1661
1661,1611
1661,1711
1661,1660
1661,1662
1662,1612
1662,1712
1662,1661
1662,1663
1663,1613
1663,1713
1663,1662
1663,1664
1664,1614
1664,1714
1664,1663
1664,1665
1665,1615
1665,1715
1665,1664
1665,1666
1666,1616
1666,1716
1666,1665
1666,1667
1667,1617
1667,1717
1667,1666
1667,1668
1668,1618
1668,1718
1668,1667
1668,1669
1669,1619
1669,1719
1669,1668
1669,1670
1670,1620
1670,1720
1670,1669
1670,1671
1671,1621
1671,1721
1671,1670
1671,1672
1672,1622
1672,1722
1672,1671
1672,1673
1673,1623
1673,1723
1673,1672
1673,1674
1674,1624
1674,1724
1674,1673
1674,1675
1675,1625
1675,1725
1675,1674
1675,1676
1676,1626
1676,1726
1676,1675
1676,1677
1677,1627
1677,1727
1677,1676
1677,1678
1678,1628
1678,1728
1678,1677
1678,1679
1679,1629
1679,1729
1679,1678
1679,1680
1680,1630
1680,1730
1680,1679
1680,1681
1681,1631
1681,1731
1681,1680
1681,1682
1682,1632
1682,1732
1682,1681
1682,1683
1683,1633
1683,1733
1683,1682
1683,1684
1684,1634
1684,1734
1684,1683
1684,1685
1685,1635
1685,1735
1685,1684
1685,1686
1686,1636
1686,1736
1686,1685
1686,1687
1687,1637
1687,1737
1687,1686
1687,1688
1688,1638
1688,1738
1688,1687
1688,1689
1689,1639
1689,1739
1689,1688
1689,1690
1690,1640
1690,1740
1690,1689
1690,1691
1691,1641
1691,1741
1691,1690
1691,1692
1692,1642
1692,1742
1692,1691
1692,1693
1693,1643
1693,1743
1693,1692
1693,1694
1694,1644
1694,1744
1694,1693
1694,1695
1695,1645
1695,1745
1695,1694
1695,1696
1696,1646
1696,1746
1696,1695
1696,1697
1697,1647
1697,1747
1697,1696
1697,1698
1698,1648
1698,1748
1698,1697
1698,1699
1699,1649
1699,1749
1699,1698
1700,1650
1700,1750
1700,1701
1701,1651
1701,1751
1701,1700
1701,1702
1702,1652
1702,1752
1702,1701
1702,1703
1703,1653
1703,1753
1703,1702
1703,1704
1704,1654
1704,1754
1704,1703
1704,1705
1705,1655
1705,1755
1705,1704
1705,1706
1706,1656
1706,1756
1706,1705
1706,1707
1707,1657
1707,1757
1707,1706
1707,1708
1708,1658
1708,1758
1708,1707
1708,1709
1709,1659
1709,1759
1709,1708
1709,1710
1710,1660
1710,1760
1710,1709
1710,1711
1711,1661
1711,1761
1711,1710
1711,1712
1712,1662
1712,1762
1712,1711
1712,1713
1713,1663
1713,1763
1713,1712
1713,1714
1714,1664
1714,1764
1714,1713
1714,1715
1715,1665
1715,1765
1715,1714
1715,1716
1716,1666
1716,1766
1716,1715
1716,1717
1717,1667
1717,1767
1717,1716
1717,1718
1718,1668
1718,1768
1718,1717
1718,1719
1719,1669
1719,1769
1719,1718
1719,1720
1720,1670
1720,1770
1720,1719
1720,1721
1721,1671
1721,1771
1721,1720
1721,1722
1722,1672
1722,1772
1722,1721
1722,1723
1723,1673
1723,1773
1723,1722
1723,1724
1724,1674
1724,1774
1724,1723
1724,1725
1725,1675
1725,1775
1725,1724
1725,1726
1726,1676
1726,1776
1726,1725
1726,1727
1727,1677
1727,1777
1727,1726
1727,1728
1728,1678
1728,1778
1728,1727
1728,1729
1729,1679
1729,1779
1729,1728
1729,1730
1730,1680
1730,1780
1730,1729
1730,1731
1731,1681
1731,1781
1731,1730
1731,1732
1732,1682
1732,1782
1732,1731
1732,1733
1733,1683
1733,1783
1733,1732
1733,1734
1734,1684
1734,1784
1734,1733
1734,1735
1735,1685
1735,1785
1735,1734
1735,1736
1736,1686
1736,1786
1736,1735
1736,1737
1737,1687
1737,1787
1737,1736
1737,1738
1738,1688
1738,1788
1738,1737
1738,1739
1739,1689
1739,1789
1739,1738
1739,1740
1740,1690
1740,1790
1740,1739
1740,1741
1741,1691
1741,1791
1741,1740
1741,1742
1742,1692
1742,1792
1742,1741
1742,1743
1743,1693
1743,1793
1743,1742
1743,1744
1744,1694
1744,1794
1744,1743
1744,1745
1745,1695
1745,1795
1745,1744
1745,1746
1746,1696
1746,1796
1746,1745
1746,1747
1747,1697
1747,1797
1747,1746
1747,1748
1748,1698
1748,1798
1748,1747
1748,1749
1749,1699
1749,1799
1749,1748
1750,1700
1750,1800
1750,1751
1751,1701
1751,1801
1751,1750
1751,1752
1752,1702
1752,1802
1752,1751
1752,1753
1753,1703
1753,1803
1753,1752
1753,1754
1754,1704
1754,1804
1754,1753
1754,1755
1755,1705
1755,1805
1755,1754
1755,1756
1756,1706
1756,1806
1756,1755
1756,1757
1757,1707
1757,1807
1757,1756
1757,1758
1758,1708
1758,1808
1758,1757
1758,1759
1759,1709
1759,1809
1759,1758
1759,1760
1760,1710
1760,1810
1760,1759
1760,1761
1761,1711
1761,1811
1761,1760
1761,1762
1762,1712
1762,1812
1762,1761
1762,1763
1763,1713
1763,1813
1763,1762
1763,1764
1764,1714
1764,1814
1764,1763
1764,1765
1765,1715
1765,1815
1765,1764
1765,1766
1766,1716
1766,1816
1766,1765
1766,1767
1767,1717
1767,1817
1767,1766
1767,1768
1768,1718
1768,1818
1768,1767
1768,1769
1769,1719
1769,1819
1769,1768
1769,1770
1770,1720
1770,1820
1770,1769
1770,1771
1771,1721
1771,1821
1771,1770
1771,1772
1772,1722
1772,1822
1772,1771
1772,1773
1773,1723
1773,1823
1773,1772
1773,1774
1774,1724
1774,1824
1774,1773
1774,1775
1775,1725
1775,1825
1775,1774
1775,1776
1776,1726
1776,1826
1776,1775
1776,1777
1777,1727
1777,1827
1777,1776
1777,1778
1778,1728
1778,1828
1778,1777
1778,1779
1779,1729
1779,1829
1779,1778
1779,1780
1780,1730
1780,1830
1780,1779
1780,1781
1781,1731
1781,1831
1781,1780
1781,1782
1782,1732
1782,1832
1782,1781
1782,1783
1783,1733
1783,1833
1783,1782
1783,1784
1784,1734
1784,1834
1784,1783
1784,1785
1785,1735
1785,1835
1785,1784
1785,1786
1786,1736
1786,1836
1786,1785
1786,1787
1787,1737
1787,1837
1787,1786
1787,1788
1788,1738
1788,1838
1788,1787
1788,1789
1789,1739
1789,1839
1789,1788
1789,1790
1790,1740
1790,1840
1790,1789
1790,1791
1791,1741
1791,1841
1791,1790
1791,1792
1792,1742
1792,1842
1792,1791
1792,1793
1793,1743
1793,1843
1793,1792
1793,1794
1794,1744
1794,1844
1794,1793
1794,1795
1795,1745
1795,1845
1795,1794
1795,1796
1796,1746
1796,1846
1796,1795
1796,1797
1797,1747
1797,1847
1797,1796
1797,1798
1798,1748
1798,1848
1798,1797
1798,1799
1799,1749
1799,1849
1799,1798
1800,1750
1800,1850
1800,1801
1801,1751
1801,1851
1801,1800
1801,1802
1802,1752
1802,1852
1802,1801
1802,1803
1803,1753
1803,1853
1803,1802
1803,1804
1804,1754
1804,1854
1804,1803
1804,1805
1805,1755
1805,1855
1805,1804
1805,1806
1806,1756
1806,1856
1806,1805
1806,1807
1807,1757
1807,1857
1807,1806
1807,1808
1808,1758
1808,1858
1808,1807
1808,1809
1809,1759
1809,1859
1809,1808
1809,1810
1810,1760
1810,1860
1810,1809
1810,1811
1811,1761
1811,1861
1811,1810
1811,1812
1812,1762
1812,1862
1812,1811
1812,1813
1813,1763
1813,1863
1813,1812
1813,1814
1814,1764
1814,1864
1814,1813
1814,1815
1815,1765
1815,1865
1815,1814
1815,1816
1816,1766
1816,1866
1816,1815
1816,1817
1817,1767
1817,1867
1817,1816
1817,1818
1818,1768
1818,1868
1818,1817
1818,1819
1819,1769
1819,1869
1819,1818
1819,1820
1820,1770
1820,1870
1820,1819
1820,1821
1821,1771
1821,1871
1821,1820
1821,1822
1822,1772
1822,1872
1822,1821
1822,1823
1823,1773
1823,1873
1823,1822
1823,1824
1824,1774
1824,1874
1824,1823
1824,1825
1825,1775
1825,1875
1825,1824
1825,1826
1826,1776
1826,1876
1826,1825
1826,1827
1827,1777
1827,1877
1827,1826
1827,1828
1828,1778
1828,1878
1828,1827
1828,1829
1829,1779
1829,1879
1829,1828
1829,1830
1830,1780
1830,1880
1830,1829
1830,1831
1831,1781
1831,1881
1831,1830
1831,1832
1832,1782
1832,1882
1832,1831
1832,1833
1833,1783
1833,1883
1833,1832
1833,1834
1834,1784
1834,1884
1834,1833
1834,1835
1835,1785
1835,1885
1835,1834
1835,1836
1836,1786
1836,1886
1836,1835
1836,1837
1837,1787
1837,1887
1837,1836
1837,1838
1838,1788
1838,1888
1838,1837
1838,1839
1839,1789
1839,1889
1839,1838
1839,1840
1840,1790
1840,1890
1840,1839
1840,1841
1841,1791
1841,1891
1841,1840
1841,1842
1842,1792
1842,1892
1842,1841
1842,1843
1843,1793
1843,1893
1843,1842
1843,1844
1844,1794
1844,1894
1844,1843
1844,1845
1845,1795
1845,1895
1845,1844
1845,1846
1846,1796
1846,1896
1846,1845
1846,1847
1847,1797
1847,1897
1847,1846
1847,1848
1848,1798
1848,1898
1848,1847
1848,1849
1849,1799
1849,1899
1849,1848
1850,1800
1850,1900
1850,1851
1851,1801
1851,1901
1851,1850
1851,1852
1852,1802
1852,1902
1852,1851
1852,1853
1853,1803
1853,1903
1853,1852
1853,1854
1854,1804
1854,1904
1854,1853
1854,1855
1855,1805
1855,1905
1855,1854
1855,1856
1856,1806
1856,1906
1856,1855
1856,1857
1857,1807
1857,1907
1857,1856
1857,1858
1858,1808
1858,1908
1858,1857
1858,1859
1859,1809
1859,1909
1859,1858
1859,1860
1860,1810
1860,1910
1860,1859
1860,1861
1861,1811
1861,1911
1861,1860
1861,1862
1862,1812
1862,1912
1862,1861
1862,1863
1863,1813
1863,1913
1863,1862
1863,1864
1864,1814
1864,1914
1864,1863
1864,1865
1865,1815
1865,1915
1865,1864
1865,1866
1866,1816
1866,1916
1866,1865
1866,1867
1867,1817
1867,1917
1867,1866
1867,1868
1868,1818
1868,1918
1868,1867
1868,1869
1869,1819
1869,1919
1869,1868
1869,1870
1870,1820
1870,1920
1870,1869
1870,1871
1871,1821
1871,1921
1871,1870
1871,1872
1872,1822
1872,1922
1872,1871
1872,1873
1873,1823
1873,1923
1873,1872
1873,1874
1874,1824
1874,1924
1874,1873
1874,1875
1875,1825
1875,1925
1875,1874
1875,1876
1876,1826
1876,1926
1876,1875
1876,1877
1877,1827
1877,1927
1877,1876
1877,1878
1878,1828
1878,1928
1878,1877
1878,1879
1879,1829
1879,1929
1879,1878
1879,1880
1880,1830
1880,1930
1880,1879
1880,1881
1881,1831
1881,1931
1881,1880
1881,1882
1882,1832
1882,1932
1882,1881
1882,1883
1883,1833
1883,1933
1883,1882
1883,1884
1884,1834
1884,1934
1884,1883
1884,1885
1885,1835
1885,1935
1885,1884
1885,1886
1886,1836
1886,1936
1886,1885
1886,1887
1887,1837
1887,1937
1887,1886
1887,1888
1888,1838
1888,1938
1888,1887
1888,1889
1889,1839
1889,1939
1889,1888
1889,1890
1890,1840
1890,1940
1890,1889
1890,1891
1891,1841
1891,1941
1891,1890
1891,1892
1892,1842
1892,1942
1892,1891
1892,1893
1893,1843
1893,1943
1893,1892
1893,1894
1894,1844
1894,1944
1894,1893
1894,1895
1895,1845
1895,1945
1895,1894
1895,1896
1896,1846
1896,1946
1896,1895
1896,1897
1897,1847
1897,1947
1897,1896
1897,1898
1898,1848
1898,1948
1898,1897
1898,1899
1899,1849
1899,1949
1899,1898
1900,1850
1900,1950
1900,1901
1901,1851
1901,1951
1901,1900
1901,1902
1902,1852
1902,1952
1902,1901
1902,1903
1903,1853
1903,1953
1903,1902
1903,1904
1904,1854
1904,1954
1904,1903
1904,1905
1905,1855
1905,1955
1905,1904
1905,1906
1906,1856
1906,1956
1906,1905
1906,1907
1907,1857
1907,1957
1907,1906
1907,1908
1908,1858
1908,1958
1908,1907
1908,1909
1909,1859
1909,1959
1909,1908
1909,1910
1910,1860
1910,1960
1910,1909
1910,1911
1911,1861
1911,1961
1911,1910
1911,1912
1912,1862
1912,1962
1912,1911
1912,1913
1913,1863
1913,1963
1913,1912
1913,1914
1914,1864
1914,1964
1914,1913
1914,1915
1915,1865
1915,1965
1915,1914
1915,1916
1916,1866
1916,1966
1916,1915
1916,1917
1917,1867
1917,1967
1917,1916
1917,1918
1918,1868
1918,1968
1918,1917
1918,1919
1919,1869
1919,1969
1919,1918
1919,1920
1920,1870
1920,1970
1920,1919
1920,1921
1921,1871
1921,1971
1921,1920
1921,1922
1922,1872
1922,1972
1922,1921
1922,1923
1923,1873
1923,1973
1923,1922
1923,1924
1924,1874
1924,1974
1924,1923
1924,1925
1925,1875
1925,1975
1925,1924
1925,1926
1926,1876
1926,1976
1926,1925
1926,1927
1927,1877
1927,1977
1927,1926
1927,1928
1928,1878
1928,1978
1928,1927
1928,1929
1929,1879
1929,1979
1929,1928
1929,1930
1930,1880
1930,1980
1930,1929
1930,1931
1931,1881
1931,1981
1931,1930
1931,1932
1932,1882
1932,1982
1932,1931
1932,1933
1933,1883
1933,1983
1933,1932
1933,1934
1934,1884
1934,1984
1934,1933
1934,1935
1935,1885
1935,1985
1935,1934
1935,1936
1936,1886
1936,1986
1936,1935
1936,1937
1937,1887
1937,1987
1937,1936
1937,1938
1938,1888
1938,1988
1938,1937
1938,1939
1939,1889
1939,1989
1939,1938
1939,1940
1940,1890
1940,1990
1940,1939
1940,1941
1941,1891
1941,1991
1941,1940
1941,1942
1942,1892
1942,1992
1942,1941
1942,1943
1943,1893
1943,1993
1943,1942
1943,1944
1944,1894
1944,1994
1944,1943
1944,1945
1945,1895
1945,1995
1945,1944
1945,1946
1946,1896
1946,1996
1946,1945
1946,1947
1947,1897
1947,1997
1947,1946
1947,1948
1948,1898
1948,1998
1948,1947
1948,1949
1949,1899
1949,1999
1949,1948
1950,1900
1950,2000
1950,1951
1951,1901
1951,2001
1951,1950
1951,1952
1952,1902
1952,2002
1952,1951
1952,1953
1953,1903
1953,2003
1953,1952
1953,1954
1954,1904
1954,2004
1954,1953
1954,1955
1955,1905
1955,2005
1955,1954
1955,1956
1956,1906
1956,2006
1956,1955
1956,1957
1957,1907
1957,2007
1957,1956
1957,1958
1958,1908
1958,2008
1958,1957
1958,1959
1959,1909
1959,2009
1959,1958
1959,1960
1960,1910
1960,2010
1960,1959
1960,1961
1961,1911
1961,2011
1961,1960
1961,1962
1962,1912
1962,2012
1962,1961
1962,1963
1963,1913
1963,2013
1963,1962
1963,1964
1964,1914
1964,2014
1964,1963
1964,1965
1965,1915
1965,2015
1965,1964
1965,1966
1966,1916
1966,2016
1966,1965
1966,1967
1967,1917
1967,2017
1967,1966
1967,1968
1968,1918
1968,2018
1968,1967
1968,1969
1969,1919
1969,2019
1969,1968
1969,1970
1970,1920
1970,2020
1970,1969
1970,1971
1971,1921
1971,2021
1971,1970
1971,1972
1972,1922
1972,2022
1972,1971
1972,1973
1973,1923
1973,2023
1973,1972
1973,1974
1974,1924
1974,2024
1974,1973
1974,1975
1975,1925
1975,2025
1975,1974
1975,1976
1976,1926
1976,2026
1976,1975
1976,1977
1977,1927
1977,2027
1977,1976
1977,1978
1978,1928
1978,2028
1978,1977
1978,1979
1979,1929
1979,2029
1979,1978
1979,1980
1980,1930
1980,2030
1980,1979
1980,1981
1981,1931
1981,2031
1981,1980
1981,1982
1982,1932
1982,2032
1982,1981
1982,1983
1983,1933
1983,2033
1983,1982
1983,1984
1984,1934
1984,2034
1984,1983
1984,1985
1985,1935
1985,2035
1985,1984
1985,1986
1986,1936
1986,2036
1986,1985
1986,1987
1987,1937
1987,2037
1987,1986
1987,1988
1988,1938
1988,2038
1988,1987
1988,1989
1989,1939
1989,2039
1989,1988
1989,1990
1990,1940
1990,2040
1990,1989
1990,1991
1991,1941
1991,2041
1991,1990
1991,1992
1992,1942
1992,2042
1992,1991
1992,1993
1993,1943
1993,2043
1993,1992
1993,1994
1994,1944
1994,2044
1994,1993
1994,1995
1995,1945
1995,2045
1995,1994
1995,1996
1996,1946
1996,2046
1996,1995
1996,1997
1997,1947
1997,2047
1997,1996
1997,1998
1998,1948
1998,2048
1998,1997
1998,1999
1999,1949
1999,2049
1999,1998
2000,1950
2000,2050
2000,2001
2001,1951
2001,2051
2001,2000
2001,2002
2002,1952
2002,2052
2002,2001
2002,2003
2003,1953
2003,2053
2003,2002
2003,2004
2004,1954
2004,2054
2004,2003
2004,2005
2005,1955
2005,2055
2005,2004
2005,2006
2006,1956
2006,2056
2006,2005
2006,2007
2007,1957
2007,2057
2007,2006
2007,2008
2008,1958
2008,2058
2008,2007
2008,2009
2009,1959
2009,2059
2009,2008
2009,2010
2010,1960
2010,2060
2010,2009
2010,2011
2011,1961
2011,2061
2011,2010
2011,2012
2012,1962
2012,2062
2012,2011
2012,2013
2013,1963
2013,2063
2013,2012
2013,2014
2014,1964
2014,2064
2014,2013
2014,2015
2015,1965
2015,2065
2015,2014
2015,2016
2016,1966
2016,2066
2016,2015
2016,2017
2017,1967
2017,2067
2017,2016
2017,2018
2018,1968
2018,2068
2018,2017
2018,2019
2019,1969
2019,2069
2019,2018
2019,2020
2020,1970
2020,2070
2020,2019
2020,2021
2021,1971
2021,2071
2021,2020
2021,2022
2022,1972
2022,2072
2022,2021
2022,2023
2023,1973
2023,2073
2023,2022
2023,2024
2024,1974
2024,2074
2024,2023
2024,2025
2025,1975
2025,2075
2025,2024
2025,2026
2026,1976
2026,2076
2026,2025
2026,2027
2027,1977
2027,2077
2027,2026
2027,2028
2028,1978
2028,2078
2028,2027
2028,2029
2029,1979
2029,2079
2029,2028
2029,2030
2030,1980
2030,2080
2030,2029
2030,2031
2031,1981
2031,2081
2031,2030
2031,2032
2032,1982
2032,2082
2032,2031
2032,2033
2033,1983
2033,2083
2033,2032
2033,2034
2034,1984
2034,2084
2034,2033
2034,2035
2035,1985
2035,2085
2035,2034
2035,2036
2036,1986
2036,2086
2036,2035
2036,2037
2037,1987
2037,2087
2037,2036
2037,2038
2038,1988
2038,2088
2038,2037
2038,2039
2039,1989
2039,2089
2039,2038
2039,2040
2040,1990
2040,2090
2040,2039
2040,2041
2041,1991
2041,2091
2041,2040
2041,2042
2042,1992
2042,2092
2042,2041
2042,2043
2043,1993
2043,2093
2043,2042
2043,2044
2044,1994
2044,2094
2044,2043
2044,2045
2045,1995
2045,2095
2045,2044
2045,2046
2046,1996
2046,2096
2046,2045
2046,2047
2047,1997
2047,2097
2047,2046
2047,2048
2048,1998
2048,2098
2048,2047
2048,2049
2049,1999
2049,2099
2049,2048
2050,2000
2050,2100
2050,2051
2051,2001
2051,2101
2051,2050
2051,2052
2052,2002
2052,2102
2052,2051
2052,2053
2053,2003
2053,2103
2053,2052
2053,2054
2054,2004
2054,2104
2054,2053
2054,2055
2055,2005
2055,2105
2055,2054
2055,2056
2056,2006
2056,2106
2056,2055
2056,2057
2057,2007
2057,2107
2057,2056
2057,2058
2058,2008
2058,2108
2058,2057
2058,2059
2059,2009
2059,2109
2059,2058
2059,2060
2060,2010
2060,2110
2060,2059
2060,2061
2061,2011
2061,2111
2061,2060
2061,2062
2062,2012
2062,2112
2062,2061
2062,2063
2063,2013
2063,2113
2063,2062
2063,2064
2064,2014
2064,2114
2064,2063
2064,2065
2065,2015
2065,2115
2065,2064
2065,2066
2066,2016
2066,2116
2066,2065
2066,2067
2067,2017
2067,2117
2067,2066
2067,2068
2068,2018
2068,2118
2068,2067
2068,2069
2069,2019
2069,2119
2069,2068
2069,2070
2070,2020
2070,2120
2070,2069
2070,2071
2071,2021
2071,2121
2071,2070
2071,2072
2072,2022
2072,2122
2072,2071
2072,2073
2073,2023
2073,2123
2073,2072
2073,2074
2074,2024
2074,2124
2074,2073
2074,2075
2075,2025
2075,2125
2075,2074
2075,2076
2076,2026
2076,2126
2076,2075
2076,2077
2077,2027
2077,2127
2077,2076
2077,2078
2078,2028
2078,2128
2078,2077
2078,2079
2079,2029
2079,2129
2079,2078
2079,2080
2080,2030
2080,2130
2080,2079
2080,2081
2081,2031
2081,2131
2081,2080
2081,2082
2082,2032
2082,2132
2082,2081
2082,2083
2083,2033
2083,2133
2083,2082
2083,2084
2084,2034
2084,2134
2084,2083
2084,2085
2085,2035
2085,2135
2085,2084
2085,2086
2086,2036
2086,2136
2086,2085
2086,2087
2087,2037
2087,2137
2087,2086
2087,2088
2088,2038
2088,2138
2088,2087
2088,2089
2089,2039
2089,2139
2089,2088
2089,2090
2090,2040
2090,2140
2090,2089
2090,2091
2091,2041
2091,2141
2091,2090
2091,2092
2092,2042
2092,2142
2092,2091
2092,2093
2093,2043
2093,2143
2093,2092
2093,2094
2094,2044
2094,2144
2094,2093
2094,2095
2095,2045
2095,2145
2095,2094
2095,2096
2096,2046
2096,2146
2096,2095
2096,2097
2097,2047
2097,2147
2097,2096
2097,2098
2098,2048
2098,2148
2098,2097
2098,2099
2099,2049
2099,2149
2099,2098
2100,2050
2100,2150
2100,2101
2101,2051
2101,2151
2101,2100
2101,2102
2102,2052
2102,2152
2102,2101
2102,2103
2103,2053
2103,2153
2103,2102
2103,2104
2104,2054
2104,2154
2104,2103
2104,2105
2105,2055
2105,2155
2105,2104
2105,2106
2106,2056
2106,2156
2106,2105
2106,2107
2107,2057
2107,2157
2107,2106
2107,2108
2108,2058
2108,2158
2108,2107
2108,2109
2109,2059
2109,2159
2109,2108
2109,2110
2110,2060
2110,2160
2110,2109
2110,2111
2111,2061
2111,2161
2111,2110
2111,2112
2112,2062
2112,2162
2112,2111
2112,2113
2113,2063
2113,2163
2113,2112
2113,2114
2114,2064
2114,2164
2114,2113
2114,2115
2115,2065
2115,2165
2115,2114
2115,2116
2116,2066
2116,2166
2116,2115
2116,2117
2117,2067
2117,2167
2117,2116
2117,2118
2118,2068
2118,2168
2118,2117
2118,2119
2119,2069
2119,2169
2119,2118
2119,2120
2120,2070
2120,2170
2120,2119
2120,2121
2121,2071
2121,2171
2121,2120
2121,2122
2122,2072
2122,2172
2122,2121
2122,2123
2123,2073
2123,2173
2123,2122
2123,2124
2124,2074
2124,2174
2124,2123
2124,2125
2125,2075
2125,2175
2125,2124
2125,2126
2126,2076
2126,2176
2126,2125
2126,2127
2127,2077
2127,2177
2127,2126
2127,2128
2128,2078
2128,2178
2128,2127
2128,2129
2129,2079
2129,2179
2129,2128
2129,2130
2130,2080
2130,2180
2130,2129
2130,2131
2131,2081
2131,2181
2131,2130
2131,2132
2132,2082
2132,2182
2132,2131
2132,2133
2133,2083
2133,2183
2133,2132
2133,2134
2134,2084
2134,2184
2134,2133
2134,2135
2135,2085
2135,2185
2135,2134
2135,2136
2136,2086
2136,2186
2136,2135
2136,2137
2137,2087
2137,2187
2137,2136
2137,2138
2138,2088
2138,2188
2138,2137
2138,2139
2139,2089
2139,2189
2139,2138
2139,2140
2140,2090
2140,2190
2140,2139
2140,2141
2141,2091
2141,2191
2141,2140
2141,2142
2142,2092
2142,2192
2142,2141
2142,2143
2143,2093
2143,2193
2143,2142
2143,2144
2144,2094
2144,2194
2144,2143
2144,2145
2145,2095
2145,2195
2145,2144
2145,2146
2146,2096
2146,2196
2146,2145
2146,2147
2147,2097
2147,2197
2147,2146
2147,2148
2148,2098
2148,2198
2148,2147
2148,2149
2149,2099
2149,2199
2149,2148
2150,2100
2150,2200
2150,2151
2151,2101
2151,2201
2151,2150
2151,2152
2152,2102
2152,2202
2152,2151
2152,2153
2153,2103
2153,2203
2153,2152
2153,2154
2154,2104
2154,2204
2154,2153
2154,2155
2155,2105
2155,2205
2155,2154
2155,2156
2156,2106
2156,2206
2156,2155
2156,2157
2157,2107
2157,2207
2157,2156
2157,2158
2158,2108
2158,2208
2158,2157
2158,2159
2159,2109
2159,2209
2159,2158
2159,2160
2160,2110
2160,2210
2160,2159
2160,2161
2161,2111
2161,2211
2161,2160
2161,2162
2162,2112
2162,2212
2162,2161
2162,2163
2163,2113
2163,2213
2163,2162
2163,2164
2164,2114
2164,2214
2164,2163
2164,2165
2165,2115
2165,2215
2165,2164
2165,2166
2166,2116
2166,2216
2166,2165
2166,2167
2167,2117
2167,2217
2167,2166
2167,2168
2168,2118
2168,2218
2168,2167
2168,2169
2169,2119
2169,2219
2169,2168
2169,2170
2170,2120
2170,2220
2170,2169
2170,2171
2171,2121
2171,2221
2171,2170
2171,2172
2172,2122
2172,2222
2172,2171
2172,2173
2173,2123
2173,2223
2173,2172
2173,2174
2174,2124
2174,2224
2174,2173
2174,2175
2175,2125
2175,2225
2175,2174
2175,2176
2176,2126
2176,2226
2176,2175
2176,2177
2177,2127
2177,2227
2177,2176
2177,2178
2178,2128
2178,2228
2178,2177
2178,2179
2179,2129
2179,2229
2179,2178
2179,2180
2180,2130
2180,2230
2180,2179
2180,2181
2181,2131
2181,2231
2181,2180
2181,2182
2182,2132
2182,2232
2182,2181
2182,2183
2183,2133
2183,2233
2183,2182
2183,2184
2184,2134
2184,2234
2184,2183
2184,2185
2185,2135
2185,2235
2185,2184
2185,2186
2186,2136
2186,2236
2186,2185
2186,2187
2187,2137
2187,2237
2187,2186
2187,2188
2188,2138
2188,2238
2188,2187
2188,2189
2189,2139
2189,2239
2189,2188
2189,2190
2190,2140
2190,2240
2190,2189
2190,2191
2191,2141
2191,2241
2191,2190
2191,2192
2192,2142
2192,2242
2192,2191
2192,2193
2193,2143
2193,2243
2193,2192
2193,2194
2194,2144
2194,2244
2194,2193
2194,2195
2195,2145
2195,2245
2195,2194
2195,2196
2196,2146
2196,2246
2196,2195
2196,2197
2197,2147
2197,2247
2197,2196
2197,2198
2198,2148
2198,2248
2198,2197
2198,2199
2199,2149
2199,2249
2199,2198
2200,2150
2200,2250
2200,2201
2201,2151
2201,2251
2201,2200
2201,2202
2202,2152
2202,2252
2202,2201
2202,2203
2203,2153
2203,2253
2203,2202
2203,2204
2204,2154
2204,2254
2204,2203
2204,2205
2205,2155
2205,2255
2205,2204
2205,2206
2206,2156
2206,2256
2206,2205
2206,2207
2207,2157
2207,2257
2207,2206
2207,2208
2208,2158
2208,2258
2208,2207
2208,2209
2209,2159
2209,2259
2209,2208
2209,2210
2210,2160
2210,2260
2210,2209
2210,2211
2211,2161
2211,2261
2211,2210
2211,2212
2212,2162
2212,2262
2212,2211
2212,2213
2213,2163
2213,2263
2213,2212
2213,2214
2214,2164
2214,2264
2214,2213
2214,2215
2215,2165
2215,2265
2215,2214
2215,2216
2216,2166
2216,2266
2216,2215
2216,2217
2217,2167
2217,2267
2217,2216
2217,2218
2218,2168
2218,2268
2218,2217
2218,2219
2219,2169
2219,2269
2219,2218
2219,2220
2220,2170
2220,2270
2220,2219
2220,2221
2221,2171
2221,2271
2221,2220
2221,2222
2222,2172
2222,2272
2222,2221
2222,2223
2223,2173
2223,2273
2223,2222
2223,2224
2224,2174
2224,2274
2224,2223
2224,2225
2225,2175
2225,2275
2225,2224
2225,2226
2226,2176
2226,2276
2226,2225
2226,2227
2227,2177
2227,2277
2227,2226
2227,2228
2228,2178
2228,2278
2228,2227
2228,2229
2229,2179
2229,2279
2229,2228
2229,2230
2230,2180
2230,2280
2230,2229
2230,2231
2231,2181
2231,2281
2231,2230
2231,2232
2232,2182
2232,2282
2232,2231
2232,2233
2233,2183
2233,2283
2233,2232
2233,2234
2234,2184
2234,2284
2234,2233
2234,2235
2235,2185
2235,2285
2235,2234
2235,2236
2236,2186
2236,2286
2236,2235
2236,2237
2237,2187
2237,2287
2237,2236
2237,2238
2238,2188
2238,2288
2238,2237
2238,2239
2239,2189
2239,2289
2239,2238
2239,2240
2240,2190
2240,2290
2240,2239
2240,2241
2241,2191
2241,2291
2241,2240
2241,2242
2242,2192
2242,2292
2242,2241
2242,2243
2243,2193
2243,2293
2243,2242
2243,2244
2244,2194
2244,2294
2244,2243
2244,2245
2245,2195
2245,2295
2245,2244
2245,2246
2246,2196
2246,2296
2246,2245
2246,2247
2247,2197
2247,2297
2247,2246
2247,2248
2248,2198
2248,2298
2248,2247
2248,2249
2249,2199
2249,2299
2249,2248
2250,2200
2250,2300
2250,2251
2251,2201
2251,2301
2251,2250
2251,2252
2252,2202
2252,2302
2252,2251
2252,2253
2253,2203
2253,2303
2253,2252
2253,2254
2254,2204
2254,2304
2254,2253
2254,2255
2255,2205
2255,2305
2255,2254
2255,2256
2256,2206
2256,2306
2256,2255
2256,2257
2257,2207
2257,2307
2257,2256
2257,2258
2258,2208
2258,2308
2258,2257
2258,2259
2259,2209
2259,2309
2259,2258
2259,2260
2260,2210
2260,2310
2260,2259
2260,2261
2261,2211
2261,2311
2261,2260
2261,2262
2262,2212
2262,2312
2262,2261
2262,2263
2263,2213
2263,2313
2263,2262
2263,2264
2264,2214
2264,2314
2264,2263
2264,2265
2265,2215
2265,2315
2265,2264
2265,2266
2266,2216
2266,2316
2266,2265
2266,2267
2267,2217
2267,2317
2267,2266
2267,2268
2268,2218
2268,2318
2268,2267
2268,2269
2269,2219
2269,2319
2269,2268
2269,2270
2270,2220
2270,2320
2270,2269
2270,2271
2271,2221
2271,2321
2271,2270
2271,2272
2272,2222
2272,2322
2272,2271
2272,2273
2273,2223
2273,2323
2273,2272
2273,2274
2274,2224
2274,2324
2274,2273
2274,2275
2275,2225
2275,2325
2275,2274
2275,2276
2276,2226
2276,2326
2276,2275
2276,2277
2277,2227
2277,2327
2277,2276
2277,2278
2278,2228
2278,2328
2278,2277
2278,2279
2279,2229
2279,2329
2279,2278
2279,2280
2280,2230
2280,2330
2280,2279
2280,2281
2281,2231
2281,2331
2281,2280
2281,2282
2282,2232
2282,2332
2282,2281
2282,2283
2283,2233
2283,2333
2283,2282
2283,2284
2284,2234
2284,2334
2284,2283
2284,2285
2285,2235
2285,2335
2285,2284
2285,2286
2286,2236
2286,2336
2286,2285
2286,2287
2287,2237
2287,2337
2287,2286
2287,2288
2288,2238
2288,2338
2288,2287
2288,2289
2289,2239
2289,2339
2289,2288
2289,2290
2290,2240
2290,2340
2290,2289
2290,2291
2291,2241
2291,2341
2291,2290
2291,2292
2292,2242
2292,2342
2292,2291
2292,2293
2293,2243
2293,2343
2293,2292
2293,2294
2294,2244
2294,2344
2294,2293
2294,2295
2295,2245
2295,2345
2295,2294
2295,2296
2296,2246
2296,2346
2296,2295
2296,2297
2297,2247
2297,2347
2297,2296
2297,2298
2298,2248
2298,2348
2298,2297
2298,2299
2299,2249
2299,2349
2299,2298
2300,2250
2300,2350
2300,2301
2301,2251
2301,2351
2301,2300
2301,2302
2302,2252
2302,2352
2302,2301
2302,2303
2303,2253
2303,2353
2303,2302
2303,2304
2304,2254
2304,2354
2304,2303
2304,2305
2305,2255
2305,2355
2305,2304
2305,2306
2306,2256
2306,2356
2306,2305
2306,2307
2307,2257
2307,2357
2307,2306
2307,2308
2308,2258
2308,2358
2308,2307
2308,2309
2309,2259
2309,2359
2309,2308
2309,2310
2310,2260
2310,2360
2310,2309
2310,2311
2311,2261
2311,2361
2311,2310
2311,2312
2312,2262
2312,2362
2312,2311
2312,2313
2313,2263
2313,2363
2313,2312
2313,2314
2314,2264
2314,2364
2314,2313
2314,2315
2315,2265
2315,2365
2315,2314
2315,2316
2316,2266
2316,2366
2316,2315
2316,2317
2317,2267
2317,2367
2317,2316
2317,2318
2318,2268
2318,2368
2318,2317
2318,2319
2319,2269
2319,2369
2319,2318
2319,2320
2320,2270
2320,2370
2320,2319
2320,2321
2321,2271
2321,2371
2321,2320
2321,2322
2322,2272
2322,2372
2322,2321
2322,2323
2323,2273
2323,2373
2323,2322
2323,2324
2324,2274
2324,2374
2324,2323
2324,2325
2325,2275
2325,2375
2325,2324
2325,2326
2326,2276
2326,2376
2326,2325
2326,2327
2327,2277
2327,2377
2327,2326
2327,2328
2328,2278
2328,2378
2328,2327
2328,2329
2329,2279
2329,2379
2329,2328
2329,2330
2330,2280
2330,2380
2330,2329
2330,2331
2331,2281
2331,2381
2331,2330
2331,2332
2332,2282
2332,2382
2332,2331
2332,2333
2333,2283
2333,2383
2333,2332
2333,2334
2334,2284
2334,2384
2334,2333
2334,2335
2335,2285
2335,2385
2335,2334
2335,2336
2336,2286
2336,2386
2336,2335
2336,2337
2337,2287
2337,2387
2337,2336
2337,2338
2338,2288
2338,2388
2338,2337
2338,2339
2339,2289
2339,2389
2339,2338
2339,2340
2340,2290
2340,2390
2340,2339
2340,2341
2341,2291
2341,2391
2341,2340
2341,2342
2342,2292
2342,2392
2342,2341
2342,2343
2343,2293
2343,2393
2343,2342
2343,2344
2344,2294
2344,2394
2344,2343
2344,2345
2345,2295
2345,2395
2345,2344
2345,2346
2346,2296
2346,2396
2346,2345
2346,2347
2347,2297
2347,2397
2347,2346
2347,2348
2348,2298
2348,2398
2348,2347
2348,2349
2349,2299
2349,2399
2349,2348
2350,2300
2350,2400
2350,2351
2351,2301
2351,2401
2351,2350
2351,2352
2352,2302
2352,2402
2352,2351
2352,2353
2353,2303
2353,2403
2353,2352
2353,2354
2354,2304
2354,2404
2354,2353
2354,2355
2355,2305
2355,2405
2355,2354
2355,2356
2356,2306
2356,2406
2356,2355
2356,2357
2357,2307
2357,2407
2357,2356
2357,2358
2358,2308
2358,2408
2358,2357
2358,2359
2359,2309
2359,2409
2359,2358
2359,2360
2360,2310
2360,2410
2360,2359
2360,2361
2361,2311
2361,2411
2361,2360
2361,2362
2362,2312
2362,2412
2362,2361
2362,2363
2363,2313
2363,2413
2363,2362
2363,2364
2364,2314
2364,2414
2364,2363
2364,2365
2365,2315
2365,2415
2365,2364
2365,2366
2366,2316
2366,2416
2366,2365
2366,2367
2367,2317
2367,2417
2367,2366
2367,2368
2368,2318
2368,2418
2368,2367
2368,2369
2369,2319
2369,2419
2369,2368
2369,2370
2370,2320
2370,2420
2370,2369
2370,2371
2371,2321
2371,2421
2371,2370
2371,2372
2372,2322
2372,2422
2372,2371
2372,2373
2373,2323
2373,2423
2373,2372
2373,2374
2374,2324
2374,2424
2374,2373
2374,2375
2375,2325
2375,2425
2375,2374
2375,2376
2376,2326
2376,2426
2376,2375
2376,2377
2377,2327
2377,2427
2377,2376
2377,2378
2378,2328
2378,2428
2378,2377
2378,2379
2379,2329
2379,2429
2379,2378
2379,2380
2380,2330
2380,2430
2380,2379
2380,2381
2381,2331
2381,2431
2381,2380
2381,2382
2382,2332
2382,2432
2382,2381
2382,2383
2383,2333
2383,2433
2383,2382
2383,2384
2384,2334
2384,2434
2384,2383
2384,2385
2385,2335
2385,2435
2385,2384
2385,2386
2386,2336
2386,2436
2386,2385
2386,2387
2387,2337
2387,2437
2387,2386
2387,2388
2388,2338
2388,2438
2388,2387
2388,2389
2389,2339
2389,2439
2389,2388
2389,2390
2390,2340
2390,2440
2390,2389
2390,2391
2391,2341
2391,2441
2391,2390
2391,2392
2392,2342
2392,2442
2392,2391
2392,2393
2393,2343
2393,2443
2393,2392
2393,2394
2394,2344
2394,2444
2394,2393
2394,2395
2395,2345
2395,2445
2395,2394
2395,2396
2396,2346
2396,2446
2396,2395
2396,2397
2397,2347
2397,2447
2397,2396
2397,2398
2398,2348
2398,2448
2398,2397
2398,2399
2399,2349
2399,2449
2399,2398
2400,2350
2400,2450
2400,2401
2401,2351
2401,2451
2401,2400
2401,2402
2402,2352
2402,2452
2402,2401
2402,2403
2403,2353
2403,2453
2403,2402
2403,2404
2404,2354
2404,2454
2404,2403
2404,2405
2405,2355
2405,2455
2405,2404
2405,2406
2406,2356
2406,2456
2406,2405
2406,2407
2407,2357
2407,2457
2407,2406
2407,2408
2408,2358
2408,2458
2408,2407
2408,2409
2409,2359
2409,2459
2409,2408
2409,2410
2410,2360
2410,2460
2410,2409
2410,2411
2411,2361
2411,2461
2411,2410
2411,2412
2412,2362
2412,2462
2412,2411
2412,2413
2413,2363
2413,2463
2413,2412
2413,2414
2414,2364
2414,2464
2414,2413
2414,2415
2415,2365
2415,2465
2415,2414
2415,2416
2416,2366
2416,2466
2416,2415
2416,2417
2417,2367
2417,2467
2417,2416
2417,2418
2418,2368
2418,2468
2418,2417
2418,2419
2419,2369
2419,2469
2419,2418
2419,2420
2420,2370
2420,2470
2420,2419
2420,2421
2421,2371
2421,2471
2421,2420
2421,2422
2422,2372
2422,2472
2422,2421
2422,2423
2423,2373
2423,2473
2423,2422
2423,2424
2424,2374
2424,2474
2424,2423
2424,2425
2425,2375
2425,2475
2425,2424
2425,2426
2426,2376
2426,2476
2426,2425
2426,2427
2427,2377
2427,2477
2427,2426
2427,2428
2428,2378
2428,2478
2428,2427
2428,2429
2429,2379
2429,2479
2429,2428
2429,2430
2430,2380
2430,2480
2430,2429
2430,2431
2431,2381
2431,2481
2431,2430
2431,2432
2432,2382
2432,2482
2432,2431
2432,2433
2433,2383
2433,2483
2433,2432
2433,2434
2434,2384
2434,2484
2434,2433
2434,2435
2435,2385
2435,2485
2435,2434
2435,2436
2436,2386
2436,2486
2436,2435
2436,2437
2437,2387
2437,2487
2437,2436
2437,2438
2438,2388
2438,2488
2438,2437
2438,2439
2439,2389
2439,2489
2439,2438
2439,2440
2440,2390
2440,2490
2440,2439
2440,2441
2441,2391
2441,2491
2441,2440
2441,2442
2442,2392
2442,2492
2442,2441
2442,2443
2443,2393
2443,2493
2443,2442
2443,2444
2444,2394
2444,2494
2444,2443
2444,2445
2445,2395
2445,2495
2445,2444
2445,2446
2446,2396
2446,2496
2446,2445
2446,2447
2447,2397
2447,2497
2447,2446
2447,2448
2448,2398
2448,2498
2448,2447
2448,2449
2449,2399
2449,2499
2449,2448
2450,2400
2450,2451
2451,2401
2451,2450
2451,2452
2452,2402
2452,2451
2452,2453
2453,2403
2453,2452
2453,2454
2454,2404
2454,2453
2454,2455
2455,2405
2455,2454
2455,2456
2456,2406
2456,2455
2456,2457
2457,2407
2457,2456
2457,2458
2458,2408
2458,2457
2458,2459
2459,2409
2459,2458
2459,2460
2460,2410
2460,2459
2460,2461
2461,2411
2461,2460
2461,2462
2462,2412
2462,2461
2462,2463
2463,2413
2463,2462
2463,2464
2464,2414
2464,2463
2464,2465
2465,2415
2465,2464
2465,2466
2466,2416
2466,2465
2466,2467
2467,2417
2467,2466
2467,2468
2468,2418
2468,2467
2468,2469
2469,2419
2469,2468
2469,2470
2470,2420
2470,2469
2470,2471
2471,2421
2471,2470
2471,2472
2472,2422
2472,2471
2472,2473
2473,2423
2473,2472
2473,2474
2474,2424
2474,2473
2474,2475
2475,2425
2475,2474
2475,2476
2476,2426
2476,2475
2476,2477
2477,2427
2477,2476
2477,2478
2478,2428
2478,2477
2478,2479
2479,2429
2479,2478
2479,2480
2480,2430
2480,2479
2480,2481
2481,2431
2481,2480
2481,2482
2482,2432
2482,2481
2482,2483
2483,2433
2483,2482
2483,2484
2484,2434
2484,2483
2484,2485
2485,2435
2485,2484
2485,2486
2486,2436
2486,2485
2486,2487
2487,2437
2487,2486
2487,2488
2488,2438
2488,2487
2488,2489
2489,2439
2489,2488
2489,2490
2490,2440
2490,2489
2490,2491
2491,2441
2491,2490
2491,2492
2492,2442
2492,2491
2492,2493
2493,2443
2493,2492
2493,2494
2494,2444
2494,2493
2494,2495
2495,2445
2495,2494
2495,2496
2496,2446
2496,2495
2496,2497
2497,2447
2497,2496
2497,2498
2498,2448
2498,2497
2498,2499
2499,2449
2499,2498
